title,price,product_url,image_url,description,date_fetch,parent,brand
"""Saucy"" Pet Tee",$19.99 USD,https://www.raos.com/products/saucy-pet-tee,//www.raos.com/cdn/shop/products/RAOS-145-Saucy_533x.png?v=1689192911,"This triblend short-sleeve tee is 50% polyester, 25% combed ring-spun cotton and 25% rayon.",2024-07-28,Campbell Soup Company,Rao's
"""Saucy"" Tee",$19.99 USD,https://www.raos.com/products/saucy-tee,//www.raos.com/cdn/shop/products/saucy-crew_533x.png?v=1689192830,"This triblend short-sleeve tee is 50% polyester, 25% combed ring-spun cotton and 25% rayon.",2024-07-28,Campbell Soup Company,Rao's
3 Pack Sauce Gift Box,$30.00 USD,https://www.raos.com/products/3-pack-sauce-gift-box,//www.raos.com/cdn/shop/products/Sauce-3-pack_533x.png?v=1689192786,"Attractive custom made Rao's Sauce 3 pack Gift Box Includes: 24 ounce Arrabbiata, Tomato Basil and Marinara Sauces",2024-07-28,Campbell Soup Company,Rao's
30-Year Aged Balsamic Condiment,$130.00 USD,https://www.raos.com/products/30-year-aged-balsamic-condiment,//www.raos.com/cdn/shop/products/30Aged-Balsamic_533x.png?v=1689192847,A bittersweet condiment made from Trebbiano and Lambrusco grapes and aged for 30 years in open wood barrels to allow for natural fermentation and concentration. The final result is a perfectly balanced condiment for finishing your favorite Italian recipe.,2024-07-28,Campbell Soup Company,Rao's
30-Year Aged Balsamic Condiment - Exclusive,$130.00 USD,https://www.raos.com/products/30-year-aged-balsamic-condiment-exclusive,//www.raos.com/cdn/shop/products/30Aged-Balsamic_d1be2b2a-eb7a-4dbe-9783-6ad1a00c9091_533x.png?v=1651166057,A bittersweet condiment made from Trebbiano and Lambrusco grapes and aged for 30 years in open wood barrels to allow for natural fermentation and concentration. The final result is a perfectly balanced condiment for finishing your favorite Italian recipe.,2024-07-28,Campbell Soup Company,Rao's
6-Year Balsamic Condiment - Exclusive,$38.00 USD,https://www.raos.com/products/6-year-balsamic-condiment-exclusive,//www.raos.com/cdn/shop/products/6Aged-Balsamic_14080bb1-cf35-477c-82c1-c95ccf77595d_533x.png?v=1651166060,"A condiment balancing sweetness and acidity made from Trebbiano and Lambrusco grapes and aged in open wood barrels, resulting in a complex flavor that’s ideal for cooking.",2024-07-28,Campbell Soup Company,Rao's
Apron,$9.99 USD,https://www.raos.com/products/apron,//www.raos.com/cdn/shop/products/raos-apron_533x.png?v=1689192828,Keep Rao’s Homemade products on your plate and off your clothes. 100% cotton twill.,2024-07-28,Campbell Soup Company,Rao's
Arrabbiata Sauce - 24oz Case,$8.99 USD,https://www.raos.com/products/arrabbiata-sauce-24oz-case,//www.raos.com/cdn/shop/products/Raos_Sauce_Arrabbiata_24oz_ProductShot_600x600_3be83967-736e-4561-b03b-e11540e56c08_533x.png?v=1689192856,"Bring home the famous taste of Rao’s Homemade® Arrabbiata Sauce. Add a kick of heat to your meal. Arrabbiata or “angry” sauce is a spicy, yet balanced sauce made with slow-simmered Italian tomatoes and crushed red pepper.",2024-07-28,Campbell Soup Company,Rao's
Arrabbiata Sauce - 32oz Case,$9.99 USD,https://www.raos.com/products/arrabbiata-sauce-32oz-case,//www.raos.com/cdn/shop/products/Raos_Sauce_Arrabbiata_24oz_ProductShot_600x600_37a2de09-e0d5-4921-b18a-ef0dcca5a4fd_533x.png?v=1689192877,"Bring home the famous taste of Rao’s Homemade® Arrabbiata Sauce. Add a kick of heat to your meal. Arrabbiata or “angry” sauce is a spicy, yet balanced sauce made with slow-simmered Italian tomatoes and crushed red pepper.",2024-07-28,Campbell Soup Company,Rao's
Arrabbiata Spicy Hot Ketchup,$5.49 USD,https://www.raos.com/products/arrabbiata-ketchup,//www.raos.com/cdn/shop/files/ArrabbiataSpicyKetchup_533x.webp?v=1701287675,"Heat up your meal with Rao's Arrabbiata Spicy Ketchup, its peppers and spice giving your food a little more of a kick. Try some today!",2024-07-28,Campbell Soup Company,Rao's
Balsamic Marinara,$16.99 USD,https://www.raos.com/products/balsamic-marinara,//www.raos.com/cdn/shop/products/Raos_LR_BalsamicMarinara_ProductShot_Front_April22_600x600_e259a82c-1de4-47d9-8d7a-517c3a5b4a31_533x.webp?v=1663097112,"Rao's Homemade has crafted a new Marinara which pairs balsamic vinegar made from Lambrusco and Trebbiano grapes aged in wood barrels for two years with Italian tomatoes to create a sophisticated sauce that will elevate any meal.  The addition of balsamic vinegar to this marinara creates a unique sauce that balances sweet and sour and pairs perfectly with chicken, pork, or the protein of your choice.",2024-07-28,Campbell Soup Company,Rao's
Balsamic Onion Compote,$15.00 USD,https://www.raos.com/products/balsamic-onion-compote,//www.raos.com/cdn/shop/products/OnionCompote_Product_533x.webp?v=1660245668,"A sweet and savory spread made with onions and balsamic vinegar, perfect for your spring Charcuterie plate.",2024-07-28,Campbell Soup Company,Rao's
N/A,N/A,N/A,N/A,N/A,2024-07-28,Campbell Soup Company,Rao's
Balsamic Strawberry Compote,$15.00 USD,https://www.raos.com/products/rao-s-homemade-limited-reserve-balsamic-strawberry-compote,//www.raos.com/cdn/shop/products/BalsamicStrawberryCompote2_533x.webp?v=1670526494,N/A,2024-07-28,Campbell Soup Company,Rao's
Bamboo Spoon,$2.49 USD,https://www.raos.com/products/bamboo-spoon,//www.raos.com/cdn/shop/products/raos-bamboo-spoon_533x.png?v=1689192830,This bamboo spoon is perfect for stirring and mixing your favorite dishes.,2024-07-28,Campbell Soup Company,Rao's
Black Truffle Flavored Ketchup with Olive Oil,$5.49 USD,https://www.raos.com/products/truffle-ketchup,//www.raos.com/cdn/shop/files/TruffleKetchupFlavoredwithOliveOil_533x.webp?v=1701287576,This specialty flavored ketchup includes the essence and flavor of black truffles to deliver an elevated and totally unique experience. Try some today!,2024-07-28,Campbell Soup Company,Rao's
Bolognese Sauce - 24oz Case,$8.99 USD,https://www.raos.com/products/bolognese-sauce-24ox-case,//www.raos.com/cdn/shop/products/Raos_Sauce_Bolognese_24oz_ProductShot_600x600_21c6176e-a1c5-4a54-a415-209dd694d6fc_533x.png?v=1689192856,"Bring home the famous taste of Rao’s Homestyle® Bolognese. Our Bolognese sauce is a mouth-watering combination of naturally sweet, Italian tomatoes, beef, pork, pancetta and vegetables.",2024-07-28,Campbell Soup Company,Rao's
Bucatini Pasta,$3.59 USD,https://www.raos.com/products/bucatini-pasta-1,//www.raos.com/cdn/shop/files/BucatiniPasta_533x.webp?v=1698937392,N/A,2024-07-28,Campbell Soup Company,Rao's
Build your own case,From $68.29 USD,https://www.raos.com/products/build-your-own-case,//www.raos.com/cdn/shop/products/5230491d34515f66f690ef9fc4cb9386_27ae6b23-5ef7-4f9f-95fe-c61071022ddc_533x.png?v=1689192856,N/A,2024-07-28,Campbell Soup Company,Rao's
Build your own case,$100.00 USD,https://www.raos.com/products/build-your-own-case-1,//www.raos.com/cdn/shop/products/5230491d34515f66f690ef9fc4cb9386_d1c0d899-8bd1-42af-b977-2afeadc96d74_533x.png?v=1689192880,N/A,2024-07-28,Campbell Soup Company,Rao's
Build your own case,$100.00 USD,https://www.raos.com/products/build-your-own-case-2,//www.raos.com/cdn/shop/products/5230491d34515f66f690ef9fc4cb9386_a0ccdf8f-191c-49f3-a5a6-6496a04a99af_533x.png?v=1689192880,N/A,2024-07-28,Campbell Soup Company,Rao's
Build your own case,$100.00 USD,https://www.raos.com/products/build-your-own-case-3,//www.raos.com/cdn/shop/products/5230491d34515f66f690ef9fc4cb9386_393928e5-0735-4ad3-b306-6e5ba9506e6c_533x.png?v=1651166077,N/A,2024-07-28,Campbell Soup Company,Rao's
Build your own case,$100.00 USD,https://www.raos.com/products/build-your-own-case-4,//www.raos.com/cdn/shop/products/5230491d34515f66f690ef9fc4cb9386_d63f4143-8642-4d70-95d1-d3b5cf35d8a4_533x.png?v=1651166080,N/A,2024-07-28,Campbell Soup Company,Rao's
Build your own case,$100.00 USD,https://www.raos.com/products/build-your-own-case-5,//www.raos.com/cdn/shop/products/5230491d34515f66f690ef9fc4cb9386_799611ae-036c-4617-b2eb-67acd80f3d25_533x.png?v=1651166080,N/A,2024-07-28,Campbell Soup Company,Rao's
Build your own case,$100.00 USD,https://www.raos.com/products/build-your-own-case-6,//www.raos.com/cdn/shop/products/5230491d34515f66f690ef9fc4cb9386_04d0a1c6-3cfc-48c8-b1f7-40451b5b8a06_533x.png?v=1689192894,N/A,2024-07-28,Campbell Soup Company,Rao's
N/A,N/A,N/A,N/A,N/A,2024-07-28,Campbell Soup Company,Rao's
Build your own case,$100.00 USD,https://www.raos.com/products/build-your-own-case-7,//www.raos.com/cdn/shop/products/5230491d34515f66f690ef9fc4cb9386_a5b33578-0ea0-4be3-8996-79d76b9c55d3_533x.png?v=1689192897,N/A,2024-07-28,Campbell Soup Company,Rao's
Build your own case,$100.00 USD,https://www.raos.com/products/build-your-own-case-8,//www.raos.com/cdn/shop/products/5230491d34515f66f690ef9fc4cb9386_bf1de229-c682-4b45-9897-cab83f30d306_533x.png?v=1689192897,N/A,2024-07-28,Campbell Soup Company,Rao's
Build your own case,$100.00 USD,https://www.raos.com/products/build-your-own-case-9,//www.raos.com/cdn/shop/products/5230491d34515f66f690ef9fc4cb9386_6b5a14c5-b57a-45a3-8223-a4f05e9082d2_533x.png?v=1689192907,N/A,2024-07-28,Campbell Soup Company,Rao's
Build your own case,$100.00 USD,https://www.raos.com/products/build-your-own-case-10,//www.raos.com/cdn/shop/products/5230491d34515f66f690ef9fc4cb9386_4d1d3ab6-21e5-40a1-89e5-33dd763fcf36_533x.png?v=1689192907,N/A,2024-07-28,Campbell Soup Company,Rao's
Build your own case,$100.00 USD,https://www.raos.com/products/build-your-own-case-11,//www.raos.com/cdn/shop/products/5230491d34515f66f690ef9fc4cb9386_008c8f4e-bc8f-4abe-b611-01f1ca9c6db8_533x.png?v=1689192911,N/A,2024-07-28,Campbell Soup Company,Rao's
Build your own case,$100.00 USD,https://www.raos.com/products/build-your-own-case-12,//www.raos.com/cdn/shop/products/5230491d34515f66f690ef9fc4cb9386_af3d84f9-6ddc-4ab5-830e-a50633dacb8e_533x.png?v=1689192911,N/A,2024-07-28,Campbell Soup Company,Rao's
Build your own case,$100.00 USD,https://www.raos.com/products/build-your-own-case-13,//www.raos.com/cdn/shop/products/5230491d34515f66f690ef9fc4cb9386_1f3350e6-8e65-4158-9de5-a7c1d26cb107_533x.png?v=1689192911,N/A,2024-07-28,Campbell Soup Company,Rao's
Build your own case,$100.00 USD,https://www.raos.com/products/build-your-own-case-14,//www.raos.com/cdn/shop/products/5230491d34515f66f690ef9fc4cb9386_e5f97285-79c8-4834-a5fa-5840758d2827_533x.png?v=1689192917,N/A,2024-07-28,Campbell Soup Company,Rao's
Build your own case,$100.00 USD,https://www.raos.com/products/build-your-own-case-15,//www.raos.com/cdn/shop/products/5230491d34515f66f690ef9fc4cb9386_9aac5526-ef58-4ee0-9c0d-fa3bd9a059eb_533x.png?v=1689192917,N/A,2024-07-28,Campbell Soup Company,Rao's
Build your own case,$100.00 USD,https://www.raos.com/products/build-your-own-case-16,//www.raos.com/cdn/shop/products/5230491d34515f66f690ef9fc4cb9386_5aa31760-2dc9-4e74-8bf8-012dc1fc7e26_533x.png?v=1689192920,N/A,2024-07-28,Campbell Soup Company,Rao's
Build your own case,$100.00 USD,https://www.raos.com/products/build-your-own-case-17,//www.raos.com/cdn/shop/products/5230491d34515f66f690ef9fc4cb9386_0835c1cd-d0e3-40a2-932a-f6ba1cacbaf3_533x.png?v=1689192920,N/A,2024-07-28,Campbell Soup Company,Rao's
Build your own case,$100.00 USD,https://www.raos.com/products/build-your-own-case-18,//www.raos.com/cdn/shop/products/5230491d34515f66f690ef9fc4cb9386_0312892b-4e40-4dd6-93a6-0a74c62dafa1_533x.png?v=1689192920,N/A,2024-07-28,Campbell Soup Company,Rao's
N/A,N/A,N/A,N/A,N/A,2024-07-28,Campbell Soup Company,Rao's
Build your own case,$100.00 USD,https://www.raos.com/products/build-your-own-case-19,//www.raos.com/cdn/shop/products/5230491d34515f66f690ef9fc4cb9386_1c37af25-05b1-48ab-bb8e-070287623313_533x.png?v=1689192920,N/A,2024-07-28,Campbell Soup Company,Rao's
Build your own case,$100.00 USD,https://www.raos.com/products/build-your-own-case-20,//www.raos.com/cdn/shop/products/5230491d34515f66f690ef9fc4cb9386_26602466-0c66-4626-a3f2-c21f6f11da31_533x.png?v=1689192923,N/A,2024-07-28,Campbell Soup Company,Rao's
Build your own case,$100.00 USD,https://www.raos.com/products/build-your-own-case-21,//www.raos.com/cdn/shop/products/5230491d34515f66f690ef9fc4cb9386_1ee7c195-209e-4f1a-a0c1-48a52ee8563d_533x.png?v=1689192929,N/A,2024-07-28,Campbell Soup Company,Rao's
Build your own case,$100.00 USD,https://www.raos.com/products/build-your-own-case-22,//www.raos.com/cdn/shop/products/5230491d34515f66f690ef9fc4cb9386_1ee7c195-209e-4f1a-a0c1-48a52ee8563d_533x.webp?v=1673366737,N/A,2024-07-28,Campbell Soup Company,Rao's
Build your own case,$100.00 USD,https://www.raos.com/products/build-your-own-case-23,//www.raos.com/cdn/shop/products/5230491d34515f66f690ef9fc4cb9386_9e1fad85-fdf4-4c74-a4bc-7dc8986430d8_533x.webp?v=1674619054,N/A,2024-07-28,Campbell Soup Company,Rao's
Build your own case,$100.00 USD,https://www.raos.com/products/build-your-own-case-24,//www.raos.com/cdn/shop/products/5230491d34515f66f690ef9fc4cb9386_5af8b907-2b28-4636-978d-a2a0af399b02_533x.webp?v=1675882273,N/A,2024-07-28,Campbell Soup Company,Rao's
Build your own case,$100.00 USD,https://www.raos.com/products/build-your-own-case-25,//www.raos.com/cdn/shop/products/5230491d34515f66f690ef9fc4cb9386_ff025ee4-f1a2-468c-9be7-28042a62ec44_533x.webp?v=1677453201,N/A,2024-07-28,Campbell Soup Company,Rao's
Build your own case,$100.00 USD,https://www.raos.com/products/build-your-own-case-26,//www.raos.com/cdn/shop/products/5230491d34515f66f690ef9fc4cb9386_5c3524e9-755b-43c6-b186-238c3fcbeb54_533x.webp?v=1678922478,N/A,2024-07-28,Campbell Soup Company,Rao's
Build your own case,$100.00 USD,https://www.raos.com/products/build-your-own-case-27,//www.raos.com/cdn/shop/products/5230491d34515f66f690ef9fc4cb9386_4f6efd9a-d625-41a4-b7d1-60e69e2dcd3b_533x.webp?v=1680801890,N/A,2024-07-28,Campbell Soup Company,Rao's
Build your own case,$100.00 USD,https://www.raos.com/products/build-your-own-case-28,//www.raos.com/cdn/shop/products/5230491d34515f66f690ef9fc4cb9386_ca56c82b-1d69-4731-91ec-d5d536eaeea0_533x.webp?v=1683159776,N/A,2024-07-28,Campbell Soup Company,Rao's
Build your own case,$100.00 USD,https://www.raos.com/products/build-your-own-case-29,//www.raos.com/cdn/shop/products/5230491d34515f66f690ef9fc4cb9386_97e30a92-5eb7-4c4d-9df7-1d94613e1496_533x.webp?v=1685239928,N/A,2024-07-28,Campbell Soup Company,Rao's
Build your own case,$100.00 USD,https://www.raos.com/products/build-your-own-case-30,//www.raos.com/cdn/shop/products/5230491d34515f66f690ef9fc4cb9386_5d42f22f-b0ab-4cdf-ab67-3b3c2910d080_533x.webp?v=1687719215,N/A,2024-07-28,Campbell Soup Company,Rao's
N/A,N/A,N/A,N/A,N/A,2024-07-28,Campbell Soup Company,Rao's
Build your own case,$100.00 USD,https://www.raos.com/products/build-your-own-case-31,//www.raos.com/cdn/shop/products/5230491d34515f66f690ef9fc4cb9386_89fa01a7-6843-48c8-be4c-e48049a2489f_533x.webp?v=1690474711,N/A,2024-07-28,Campbell Soup Company,Rao's
Build your own case,$100.00 USD,https://www.raos.com/products/build-your-own-case-32,//www.raos.com/cdn/shop/products/5230491d34515f66f690ef9fc4cb9386_4f3e333d-7545-4165-87c4-e2bcd24a7533_533x.webp?v=1691861631,N/A,2024-07-28,Campbell Soup Company,Rao's
Build your own case,$100.00 USD,https://www.raos.com/products/build-your-own-case-33,//www.raos.com/cdn/shop/products/5230491d34515f66f690ef9fc4cb9386_3fdb2769-bb17-4270-9bf2-3f8de886a794_533x.webp?v=1693055396,N/A,2024-07-28,Campbell Soup Company,Rao's
Build your own case,$100.00 USD,https://www.raos.com/products/build-your-own-case-34,//www.raos.com/cdn/shop/products/5230491d34515f66f690ef9fc4cb9386_018fba51-e3d3-46ec-9465-07b40851343e_533x.webp?v=1694987760,N/A,2024-07-28,Campbell Soup Company,Rao's
Build your own case,$100.00 USD,https://www.raos.com/products/build-your-own-case-35,//www.raos.com/cdn/shop/products/5230491d34515f66f690ef9fc4cb9386_4d17f23a-c88e-4bdd-aa97-d4296d3800f9_533x.webp?v=1697034110,N/A,2024-07-28,Campbell Soup Company,Rao's
Build your own case,$100.00 USD,https://www.raos.com/products/build-your-own-case-36,//www.raos.com/cdn/shop/products/5230491d34515f66f690ef9fc4cb9386_04e96887-fbea-4be5-8cdf-8b9c38e82cfa_533x.webp?v=1698513354,N/A,2024-07-28,Campbell Soup Company,Rao's
Build your own case,$100.00 USD,https://www.raos.com/products/build-your-own-case-37,//www.raos.com/cdn/shop/products/5230491d34515f66f690ef9fc4cb9386_53382151-2329-411d-8e5a-fd1c33db19b7_533x.webp?v=1700091696,N/A,2024-07-28,Campbell Soup Company,Rao's
Build your own case,$100.00 USD,https://www.raos.com/products/build-your-own-case-38,//www.raos.com/cdn/shop/products/5230491d34515f66f690ef9fc4cb9386_2e5acc18-3450-469a-825e-44ffa04df678_533x.webp?v=1700866630,N/A,2024-07-28,Campbell Soup Company,Rao's
Build your own case,$100.00 USD,https://www.raos.com/products/build-your-own-case-39,//www.raos.com/cdn/shop/products/5230491d34515f66f690ef9fc4cb9386_359c7035-be38-40ad-b9bb-9b23d55bd970_533x.webp?v=1701638289,N/A,2024-07-28,Campbell Soup Company,Rao's
Build your own case,$100.00 USD,https://www.raos.com/products/build-your-own-case-40,//www.raos.com/cdn/shop/products/5230491d34515f66f690ef9fc4cb9386_bd97a772-e72a-43ce-8bcc-df199df3e338_533x.webp?v=1702649457,N/A,2024-07-28,Campbell Soup Company,Rao's
Build your own case,$100.00 USD,https://www.raos.com/products/build-your-own-case-41,//www.raos.com/cdn/shop/products/5230491d34515f66f690ef9fc4cb9386_c6a9a25f-9511-4f40-a21f-abdea8fb8aab_533x.webp?v=1704333310,N/A,2024-07-28,Campbell Soup Company,Rao's
Build your own case,$100.00 USD,https://www.raos.com/products/build-your-own-case-42,//www.raos.com/cdn/shop/products/5230491d34515f66f690ef9fc4cb9386_5cc7f290-8fb8-4a84-a037-7664be4a33f9_533x.webp?v=1705960883,N/A,2024-07-28,Campbell Soup Company,Rao's
N/A,N/A,N/A,N/A,N/A,2024-07-28,Campbell Soup Company,Rao's
Build your own case,$100.00 USD,https://www.raos.com/products/build-your-own-case-43,//www.raos.com/cdn/shop/products/5230491d34515f66f690ef9fc4cb9386_941d2cd9-e738-40e6-a627-e86ce4ca6620_533x.webp?v=1707439965,N/A,2024-07-28,Campbell Soup Company,Rao's
Build your own case,$100.00 USD,https://www.raos.com/products/build-your-own-case-44,//www.raos.com/cdn/shop/products/5230491d34515f66f690ef9fc4cb9386_92069330-41ed-4ac6-bfa2-c27408b39f9f_533x.webp?v=1709258055,N/A,2024-07-28,Campbell Soup Company,Rao's
Build your own case,$100.00 USD,https://www.raos.com/products/build-your-own-case-45,//www.raos.com/cdn/shop/files/5230491d34515f66f690ef9fc4cb9386_92069330-41ed-4ac6-bfa2-c27408b39f9f_533x.webp?v=1710971268,N/A,2024-07-28,Campbell Soup Company,Rao's
Build your own case,$100.00 USD,https://www.raos.com/products/build-your-own-case-46,//www.raos.com/cdn/shop/files/5230491d34515f66f690ef9fc4cb9386_896ca99d-4c22-42be-9b2a-f5e7aa3dbad3_533x.webp?v=1712680858,N/A,2024-07-28,Campbell Soup Company,Rao's
Build your own case,$100.00 USD,https://www.raos.com/products/build-your-own-case-47,//www.raos.com/cdn/shop/files/5230491d34515f66f690ef9fc4cb9386_5c7c542c-5086-49dd-8b87-ea7789077c76_533x.webp?v=1715144657,N/A,2024-07-28,Campbell Soup Company,Rao's
Build your own case,$100.00 USD,https://www.raos.com/products/build-your-own-case-48,//www.raos.com/cdn/shop/files/5230491d34515f66f690ef9fc4cb9386_5a1bcb95-8f61-42db-9e1f-30f16fb117f1_533x.webp?v=1718378120,N/A,2024-07-28,Campbell Soup Company,Rao's
Build your own case,$100.00 USD,https://www.raos.com/products/build-your-own-case-49,//www.raos.com/cdn/shop/files/5230491d34515f66f690ef9fc4cb9386_d7043d94-30df-4220-b42c-db90ceb2b94f_533x.webp?v=1720884779,N/A,2024-07-28,Campbell Soup Company,Rao's
Build your own case 32oz,From $97.09 USD,https://www.raos.com/products/build-your-own-case-24oz,//www.raos.com/cdn/shop/products/11c19203b55fdabaeb73976bca43d61a_533x.png?v=1689192880,N/A,2024-07-28,Campbell Soup Company,Rao's
Build your own case 32oz,$112.00 USD,https://www.raos.com/products/build-your-own-case-32oz-1,//www.raos.com/cdn/shop/products/11c19203b55fdabaeb73976bca43d61a_f57f93e9-ffc2-477f-ac19-c9642f260104_533x.png?v=1689192917,N/A,2024-07-28,Campbell Soup Company,Rao's
Build your own case 32oz,$112.00 USD,https://www.raos.com/products/build-your-own-case-32oz-2,//www.raos.com/cdn/shop/products/11c19203b55fdabaeb73976bca43d61a_89c00c8b-5364-481f-80d6-f50c7902f016_533x.png?v=1689192932,N/A,2024-07-28,Campbell Soup Company,Rao's
Build your own case 32oz,$112.00 USD,https://www.raos.com/products/build-your-own-case-32oz-3,//www.raos.com/cdn/shop/products/11c19203b55fdabaeb73976bca43d61a_bcd6131c-34d9-4f04-a419-6678170ba123_533x.png?v=1691433853,N/A,2024-07-28,Campbell Soup Company,Rao's
Build your own case 32oz,$112.00 USD,https://www.raos.com/products/build-your-own-case-32oz-4,//www.raos.com/cdn/shop/products/11c19203b55fdabaeb73976bca43d61a_37a1826f-35dd-4f2b-9fee-063d7da1aa77_533x.png?v=1707673325,N/A,2024-07-28,Campbell Soup Company,Rao's
N/A,N/A,N/A,N/A,N/A,2024-07-28,Campbell Soup Company,Rao's
Calabrian Chili Marinara - Exclusive,$13.00 USD,https://www.raos.com/products/calabrian-chili-marinara-exclusive,//www.raos.com/cdn/shop/products/Raos-Calabrian-Chili_d3822c79-ceb8-407f-8a2b-0ed64f26920a_533x.png?v=1651166091,"For a limited time, Rao's Homemade has crafted a sweet and spicy Calabrian Chili marinara, combining naturally sweet Italian cherry tomatoes with the warm heat of chilis grown in the southern Italian region of Calabria.  It’s a perfectly balanced sauce sure to elevate any meal.",2024-07-28,Campbell Soup Company,Rao's
Caramelized Onion Pasta Sauce - 24 oz Case,$8.99 USD,https://www.raos.com/products/caramelized-onion-pasta-sauce-24-oz-case,//www.raos.com/cdn/shop/files/RaosHomemadeCaramelizedOnionSauce_533x.webp?v=1715870159,N/A,2024-07-28,Campbell Soup Company,Rao's
Cardoncelli Mushroom Marinara,$16.99 USD,https://www.raos.com/products/cardoncelli-mushroom-marinara,//www.raos.com/cdn/shop/products/CardoncelliMarinara_Product_533x.webp?v=1660245217,"Cardoncelli mushrooms are native to the Mediterranean and have a delicate flavor with earthy, umami notes. Because of their meaty, dense texture they maintain excellent consistency during the cooking process, making them perfect for this delicious vegetarian sauce.",2024-07-28,Campbell Soup Company,Rao's
Casarecce Pasta,$3.59 USD,https://www.raos.com/products/casarecce-pasta-1,//www.raos.com/cdn/shop/files/CasareccePasta_533x.webp?v=1698937539,N/A,2024-07-28,Campbell Soup Company,Rao's
Case of Chicken & Gnocchi Soup,$31.87 USD,https://www.raos.com/products/case-of-chicken-gnocchi-soup,//www.raos.com/cdn/shop/files/RaosChickenandGnocchiSoup_533x.png?v=1690837796,"Bring home the taste of Rao’s Made for Home® Soup! Our chicken gnocchi soup starts with a creamy chicken broth and is loaded with gnocchi, chicken, carrots, onions, spinach and celery.",2024-07-28,Campbell Soup Company,Rao's
Case of Farfalle Pasta,$19.21 USD,https://www.raos.com/products/case-of-farfalle-pasta,//www.raos.com/cdn/shop/products/Farfalle_cfe0e7fd-e1d1-47d9-87bd-35e917e62384_533x.png?v=1689192904,Our pasta is made with only two ingredients—durum semolina flour and water.,2024-07-28,Campbell Soup Company,Rao's
Case of Fettuccine Pasta,$48.03 USD,https://www.raos.com/products/case-of-fettuccine-pasta,//www.raos.com/cdn/shop/products/Fettuccine_ce989b7c-7eea-4e43-84eb-ae72f9fd77c0_533x.png?v=1689192904,Our pasta is made with only two ingredients—durum semolina flour and water. We use traditional bronze dies to cut our pasta creating grooves that grab every drop of sauce.,2024-07-28,Campbell Soup Company,Rao's
Case of Fusilli Pasta,$19.21 USD,https://www.raos.com/products/case-of-fusilli,//www.raos.com/cdn/shop/products/fusilli_cfedf94e-697d-481c-976f-d3db74648c86_533x.png?v=1689192903,"Our pasta is made with only two ingredients—durum semolina flour and water. We use traditional bronze dies to cut our pasta creating grooves that grab every drop of sauce. This corkscrew shaped pasta captures and holds onto sauce in each of its turns and curves, and is best served with a thick sauce.",2024-07-28,Campbell Soup Company,Rao's
Case of Homemade Chicken Noodle Soup,$31.87 USD,https://www.raos.com/products/case-of-homemade-chicken-noodle-soup,//www.raos.com/cdn/shop/files/RaosChickenNoodle_533x.png?v=1690837706,"Bring home the taste of Rao’s Made for Home® Soup! Our chicken noodle soup is made with rich chicken broth, chicken, tender fusilli pasta, carrots, celery and onions.",2024-07-28,Campbell Soup Company,Rao's
Case of Italian Wedding Soup,$31.87 USD,https://www.raos.com/products/case-of-italian-wedding-soup,//www.raos.com/cdn/shop/files/RaosItalianWedding_533x.png?v=1690836611,"Bring home the taste of Rao’s Made for Home® Soup! Our Italian wedding soup is a chicken broth with beef and pork meatballs, carrots, acini di pepe pasta, spinach and onions.",2024-07-28,Campbell Soup Company,Rao's
Case of Italian-Style Lentil Soup,$31.87 USD,https://www.raos.com/products/italian-style-lentil-soup-1,//www.raos.com/cdn/shop/files/RaosLentil_61a2d01d-7ad9-4195-8af6-580720a811ad_533x.png?v=1696969684,"Bring home the taste of Rao’s Made for Home® Soup! Our Italian-Style Lentil soup is made with a savory chicken broth base and al dente lentils, carrots, diced Italian tomatoes and spices with roasted red pepper notes.",2024-07-28,Campbell Soup Company,Rao's
Case of Linguine Pasta,$48.03 USD,https://www.raos.com/products/case-of-linguine,//www.raos.com/cdn/shop/products/linguine-3_b7faebae-986b-4325-8ffe-2c3487c19cb2_533x.png?v=1689192904,Our pasta is made with only two ingredients—durum semolina flour and water. We use traditional bronze dies to cut our pasta creating grooves that grab every drop of sauce. Our linguine is perfectly paired with pesto or seafood-based sauces.,2024-07-28,Campbell Soup Company,Rao's
N/A,N/A,N/A,N/A,N/A,2024-07-28,Campbell Soup Company,Rao's
Case of Pasta & Fagioli Soup,$31.87 USD,https://www.raos.com/products/case-of-pasta-fagioli-soup,//www.raos.com/cdn/shop/files/RaosPastaandFagoli_533x.png?v=1690836567,"Bring home the taste of Rao’s Made for Home® Soup! Our pasta & fagioli soup is Italian tomato broth with navy beans, dark red kidney beans, ditalini pasta, carrots, celery and parmesan cheese.",2024-07-28,Campbell Soup Company,Rao's
Case of Penne Rigate Pasta,$19.21 USD,https://www.raos.com/products/case-of-penne-rigate,//www.raos.com/cdn/shop/products/penne-rigate_5d081d75-f549-427c-9e2e-f2f2e0a90b6d_533x.png?v=1689192907,Our pasta is made with only two ingredients—durum semolina flour and water. We use traditional bronze dies to cut our pasta creating grooves that grab every drop of sauce. This cylindrical shaped pasta soaks up thick sauces—inside and out— so every bite is full of flavor.,2024-07-28,Campbell Soup Company,Rao's
Case of Rao's Homemade Alfredo Arrabbiata Sauce,$96.00 USD,https://www.raos.com/products/case-of-alfredo-arrabbiata-sauce,//www.raos.com/cdn/shop/files/Rao_sHomemadeAlfredoArrabbiata_ad53fcbb-f3d5-40b3-be40-8aa815754ed7_533x.webp?v=1711655834,"Rao’s Homemade Alfredo Arrabbiata pasta sauce is made with high quality ingredients creating a super creamy, cheesy, decadent sauce loaded with flavor and a kick of heat. Use this sauce for a spicy spin on fettucine alfredo. Each jar of pasta sauce brings you the warm, classic taste of homemade pasta sauce with a premium flavor.",2024-07-28,Campbell Soup Company,Rao's
Case of Rao's Homemade Alfredo Sauce,$96.00 USD,https://www.raos.com/products/case-of-alfredo-sauce,//www.raos.com/cdn/shop/products/Raos_Sauce_Alfredo_Sauce_15oz_ProductShot_600x600_41b0cfc2-3f0d-4584-a8d7-3056fd40e825_533x.png?v=1689192805,"Bring home the famous taste of Rao’s Homemade® Alfredo Sauce. Our Alfredo sauce is a rich, velvety blend of cheese, cream and butter.",2024-07-28,Campbell Soup Company,Rao's
Case of Rao's Homemade Arrabbiata Sauce,From $96.00 USD,https://www.raos.com/products/case-of-arrabbiata-sauce,//www.raos.com/cdn/shop/products/Raos_Sauce_Arrabbiata_24oz_ProductShot_600x600_4756ca96-25c6-4115-8fb5-4ed711fec562_533x.png?v=1689192808,"Bring home the famous taste of Rao’s Homemade® Arrabbiata Sauce. Add a kick of heat to your meal. Arrabbiata or “angry” sauce is a spicy, yet balanced sauce made with slow-simmered Italian tomatoes and crushed red pepper.",2024-07-28,Campbell Soup Company,Rao's
Case of Rao's Homemade Bacon Alfredo Sauce,$96.00 USD,https://www.raos.com/products/case-of-bacon-alfredo,//www.raos.com/cdn/shop/files/Rao_sHomemadeBaconAlfredo_0da6a35a-8cf6-4356-a895-65ca0f394682_533x.webp?v=1711655549,"Rao’s Homemade Bacon Alfredo pasta sauce is made with high quality ingredients resulting in a super creamy, smoky sauce loaded with flavor that works great for a spin on your fettucine alfredo. Each jar of pasta sauce brings you the warm, classic taste of homemade pasta sauce with a premium flavor.",2024-07-28,Campbell Soup Company,Rao's
Case of Rao's Homemade Basil Pesto,$30.00 USD,https://www.raos.com/products/case-of-basil-pesto,//www.raos.com/cdn/shop/products/Raos_Sauce_Basil-Pesto_6.7oz_600x600_014aaec6-8e6e-43fb-b387-cf560199b040_533x.png?v=1689192808,"Bring home the famous taste of Rao’s Homemade® Basil Pesto. Our classic, basil pesto is a flavorful combination of basil, cheese, oil and nuts.",2024-07-28,Campbell Soup Company,Rao's
Case of Rao's Homemade Bolognese Sauce,$96.00 USD,https://www.raos.com/products/case-of-bolognese-sauce,//www.raos.com/cdn/shop/products/Raos_Sauce_Bolognese_24oz_ProductShot_600x600_c68822fa-3103-4839-b310-dc25a9eff51e_533x.png?v=1689192787,"Bring home the famous taste of Rao’s Homestyle® Bolognese. Our Bolognese sauce is a mouth-watering combination of naturally sweet, Italian tomatoes, beef, pork, pancetta and vegetables.",2024-07-28,Campbell Soup Company,Rao's
Case of Rao's Homemade Caramelized Onion Sauce,$96.00 USD,https://www.raos.com/products/case-of-caramelized-onion-pasta-sauce,//www.raos.com/cdn/shop/files/RaosHomemadeCaramelizedOnionSauce_ae94dcfc-8a19-41ba-be3e-579f61101c30_533x.webp?v=1715870180,"Rao's Caramelized Onion Pasta Sauce is a delicious blend of Italian tomatoes, caramelized onions, garlic, basil, & oregano for a rich taste. Buy some today!",2024-07-28,Campbell Soup Company,Rao's
Case of Rao's Homemade Fire Grilled Vegetable Sauce,$96.00 USD,https://www.raos.com/products/case-of-raos-homemade-fire-grilled-vegetable-sauce,//www.raos.com/cdn/shop/files/Rao_sHomemadeFireGrilledVegetable_b8c42373-6571-4609-b915-1a21a15f2a14_533x.webp?v=1711656022,"Rao’s Homemade Fire Grilled Vegetable sauce uses red, yellow, and green peppers and red onion simmered with Italian tomatoes to create this hearty sauce with a subtle, roasted flavor. This pasta sauce is slow simmered in open kettles to achieve the most authentic Italian flavor.",2024-07-28,Campbell Soup Company,Rao's
Case of Rao's Homemade Four Cheese Alfredo Sauce,$96.00 USD,https://www.raos.com/products/case-of-raos-homemade-four-cheese-alfredo-sauce,//www.raos.com/cdn/shop/files/Rao_sHomemadeFourCheeseAlfredo_feae2a69-181b-4825-bfcd-02caa06352b5_533x.webp?v=1711655977,"Rao’s Homemade Four Cheese Alfredo pasta sauce is made with high quality ingredients resulting in a super creamy, cheesy, decadent sauce loaded with flavor that works great in your fettucine alfredo. Each jar of pasta sauce brings you the warm, classic taste of homemade pasta sauce with a premium flavor.",2024-07-28,Campbell Soup Company,Rao's
Case of Rao's Homemade Four Cheese Sauce,$96.00 USD,https://www.raos.com/products/case-of-four-cheese-sauce,//www.raos.com/cdn/shop/products/Raos_Sauce_Four_Cheese_24oz_ProductShot_600x600_13cbf5a4-cf8a-40f6-8996-dceebc59b88e_533x.png?v=1689192799,"Bring home the famous taste of Rao’s Homemade® Four Cheese Sauce. This sauce is a rich blend of Italian tomatoes and four classic, Italian cheeses without onions or garlic.",2024-07-28,Campbell Soup Company,Rao's
N/A,N/A,N/A,N/A,N/A,2024-07-28,Campbell Soup Company,Rao's
Case of Rao's Homemade Italian Sausage & Mushroom Sauce,$96.00 USD,https://www.raos.com/products/case-of-italian-sausage-mushroom-sauce,//www.raos.com/cdn/shop/products/Raos_Sauce_SausageMushroom_24oz_ProductShot_600x600_fbf7ec76-51ab-4c88-9ed0-9351e0ff54c2_533x.png?v=1689192787,"Bring home the famous taste of Rao’s Homestyle® Italian Sausage & Mushroom Sauce. This sauce is made with the finest Italian tomatoes imported from southern Italy, simmered with sausage, mushrooms and spices.",2024-07-28,Campbell Soup Company,Rao's
Case of Rao's Homemade Margherita Pizza Sauce,$30.00 USD,https://www.raos.com/products/case-of-margherita-pizza-sauce,//www.raos.com/cdn/shop/files/RaosMargheritaPizza_533x.webp?v=1690904434,Bring home the famous taste of Rao’s Homemade® Margherita Pizza Sauce. We slow-simmered Italian tomatoes with fresh herbs to create this authentic sauce.,2024-07-28,Campbell Soup Company,Rao's
Case of Rao's Homemade Marinara Sauce,From $72.00 USD,https://www.raos.com/products/case-of-marinara-sauce,//www.raos.com/cdn/shop/products/Raos_Sauce_Marinara_24oz_ProductShot_600x600_402fd827-6d2a-44c8-b03a-d4b062a04f9d_533x.png?v=1689192797,Bring home the famous taste of Rao’s Homemade® Marinara Sauce. We slow cook sweet Italian plum tomatoes with fresh ingredients to create this classic sauce.,2024-07-28,Campbell Soup Company,Rao's
Case of Rao's Homemade Mushroom & Bell Pepper Sauce,$96.00 USD,https://www.raos.com/products/case-of-mushroom-bell-pepper-sauce,//www.raos.com/cdn/shop/products/Raos_Sauce_MushroomBellPepper_24oz_ProductShot_600x600_fd10e686-bb26-49d9-b7be-0dd4fd1ed32d_533x.png?v=1689192799,"Bring home the famous taste of Rao’s Homemade® Mushroom and Bell Pepper. This versatile sauce is created by slowly simmering Italian tomatoes and a hearty combination of mushrooms, peppers and onions.",2024-07-28,Campbell Soup Company,Rao's
Case of Rao's Homemade Pizza Arrabbiata Sauce,$30.00 USD,https://www.raos.com/products/case-of-pizza-arrabbiata-sauce,//www.raos.com/cdn/shop/files/RaosPizzaArrabbiataSauce_533x.webp?v=1690904565,"Italian whole peeled tomatoes, Italian cherry tomatoes, olive oil, carrots, onions, salt, crushed red pepper, oregano, garlic, basil",2024-07-28,Campbell Soup Company,Rao's
Case of Rao's Homemade Pizza Sauce,$30.00 USD,https://www.raos.com/products/case-of-pizza-sauce,//www.raos.com/cdn/shop/files/RaosPizzaSauce_533x.webp?v=1690904463,"Bring home the famous taste of Rao’s Homemade® Pizza Sauce. Our classic pizza sauce is a delicious combination of Italian whole peeled tomatoes, cherry tomatoes and natural herbs, slow-simmered to perfection.",2024-07-28,Campbell Soup Company,Rao's
Case of Rao's Homemade Roasted Garlic Alfredo Sauce,$96.00 USD,https://www.raos.com/products/case-of-roasted-garlic-alfredo-sauce,//www.raos.com/cdn/shop/products/Roasted-Garlic-Alfredo_533x.png?v=1689192805,Our twist on Alfredo sauce uses roasted garlic to add a burst of flavor.,2024-07-28,Campbell Soup Company,Rao's
Case of Rao's Homemade Roasted Garlic Pizza Sauce,$30.00 USD,https://www.raos.com/products/case-of-raos-homemade-roasted-garlic-pizza-sauce,//www.raos.com/cdn/shop/files/Rao_sHomemadeRoastedGarlicPizza_fde0e5ac-f987-4ded-9cf6-301fc74d4aa5_533x.webp?v=1711656189,"Bring home the famous taste of Rao’s Homemade Roasted Garlic Pizza Sauce. Rao’s Homemade Roasted Garlic Pizza Sauce is a premium, carb conscious pizza sauce made with only the finest ingredients. Each batch of Rao’s Homemade Pizza Sauce is slow-cooked in small batches with high quality ingredients. These wholesome ingredients blend sweet Italian tomatoes, olive oil, and onions with fresh basil, fresh garlic, oregano, black pepper and salt creating a pizza sauce that brings back memories of family dinners around the table.",2024-07-28,Campbell Soup Company,Rao's
Case of Rao's Homemade Roasted Garlic Sauce,From $96.00 USD,https://www.raos.com/products/case-of-roasted-garlic-sauce,//www.raos.com/cdn/shop/products/Raos_Sauce_RoastedGarlic_24oz_ProductShot_600x600_db09ad70-0111-41eb-b836-29890f1b9fcd_533x.png?v=1689192800,"Bring home the famous taste of Rao’s Homemade® Roasted Garlic Sauce. Slow roasted, caramelized garlic is combined with naturally sweet Italian tomatoes to create an aromatic sauce.",2024-07-28,Campbell Soup Company,Rao's
Case of Rao's Homemade Roasted Red Pepper Sauce,$96.00 USD,https://www.raos.com/products/case-of-raos-homemade-roasted-red-pepper-sauce,//www.raos.com/cdn/shop/files/Rao_sHomemadeRoastedRedPepper_1bc5d09b-fcc9-4a2d-979e-13dba3f9a37e_533x.webp?v=1711656734,"Rao’s Homemade Roasted Red Pepper sauce is made with red peppers that are roasted to bring out a sweet, complex flavor and combined with Italian tomatoes to create this unique sauce. This pasta sauce is slow simmered in open kettles to achieve the most authentic Italian flavor. Rao’s Roasted Red Pepper Sauce is made with wholesome ingredients, combining 100% naturally sweet Italian tomatoes, olive oil, roasted red pepper, onions, salt, basil, garlic, and oregano, creating a flavorful spaghetti sauce that is sure to please everyone around the table.",2024-07-28,Campbell Soup Company,Rao's
Case of Rao's Homemade Sensitive Marinara Sauce,$96.00 USD,https://www.raos.com/products/case-of-sensitive-marinara-sauce,//www.raos.com/cdn/shop/products/Raos_Sauce_Sensitive-Marinara_24oz_ProductShot_600x600_5037354b-be27-4629-a5e6-8b9fa05ad86e_533x.png?v=1689192800,"Bring home the famous taste of Rao’s Homemade® Sensitive Marinara Sauce. This sauce does not contain onions or garlic, while still keeping all the flavor of our slow-simmered Italian tomatoes",2024-07-28,Campbell Soup Company,Rao's
Case of Rao's Homemade Spicy Vodka Arrabbiata Sauce,$96.00 USD,https://www.raos.com/products/case-of-spicy-vodka-arrabbiata,//www.raos.com/cdn/shop/files/RaosHomemadeVodkaArrabbiataSauce_0c25aac1-ea73-4ca0-a452-3d7b933a68cb_533x.webp?v=1715870287,"Rao's Vodka Arrabbiata Sauce is a blend of tomatoes, olive oil, parmesan cheese, cheese, onions, and red pepper, making for a spicy kick. Buy some today!",2024-07-28,Campbell Soup Company,Rao's
N/A,N/A,N/A,N/A,N/A,2024-07-28,Campbell Soup Company,Rao's
Case of Rao's Homemade Sun Dried Tomato Pesto,$30.00 USD,https://www.raos.com/products/case-of-sun-dried-tomato-pesto,//www.raos.com/cdn/shop/products/Raos_Sauce_Sundried-Tomato-Pesto_6.7oz_600x600_46055e64-1842-43f1-9577-ca54508012ce_533x.png?v=1689192808,"Bring home the famous taste of Rao’s Homemade® Sundried Tomato Pesto. This pesto uses sundried tomatoes, tomato pulp, oil, cheese and nuts for a refreshing take on the classic.",2024-07-28,Campbell Soup Company,Rao's
Case of Rao's Homemade Tomato Basil Sauce,From $96.00 USD,https://www.raos.com/products/case-of-tomato-basil-sauce,//www.raos.com/cdn/shop/products/Raos_Sauce_TomatoBasil_24oz_ProductShot_600x600_12459511-d6d9-485c-9fb7-39131eccec03_533x.png?v=1689192811,Bring home the famous taste of Rao’s Homemade® Tomato Basil Sauce. This versatile sauce combines our slow-simmered Italian tomatoes with the aromatic flavor of basil.,2024-07-28,Campbell Soup Company,Rao's
Case of Rao's Homemade Tomato Herb Sauce,$96.00 USD,https://www.raos.com/products/case-of-tomato-herb-sauce,//www.raos.com/cdn/shop/products/Raos_Sauce_Tomato-Herb_24oz_ProductShot_600x600_a9cf3f76-924c-4d20-bdd8-d7edaea50b17_533x.png?v=1689192802,Bring home the famous taste of Rao’s Homemade® Tomato Herb Sauce. This sauce is a slow-simmered combination of Italian whole peeled and cherry tomatoes with natural herbs.,2024-07-28,Campbell Soup Company,Rao's
Case of Rao's Homemade Vodka Sauce,From $96.00 USD,https://www.raos.com/products/case-of-vodka-sauce,//www.raos.com/cdn/shop/products/Raos_Sauce_Vodka_24oz_ProductShot_600x600_adda02d8-e6c4-4944-bda7-0e256bddf9e9_533x.png?v=1689192802,"Bring home the famous taste of Rao’s Homemade® Vodka Sauce. This rich blend of Italian tomatoes, Parmigiano Reggiano and Pecorino Romano cheeses with a splash of vodka is a bright, creamy sauce that accents any dish.",2024-07-28,Campbell Soup Company,Rao's
Case of Rigatoni Pasta,$19.21 USD,https://www.raos.com/products/case-of-rigatoni-pasta,//www.raos.com/cdn/shop/products/Rigatoni_43a1251f-e14e-40b9-9ac3-0ba74b14c005_533x.png?v=1689192907,Our pasta is made with only two ingredients—durum semolina flour and water. We use traditional bronze dies to cut our pasta creating grooves that grab every drop of sauce.,2024-07-28,Campbell Soup Company,Rao's
Case of Roasted Butternut Squash Soup,$31.87 USD,https://www.raos.com/products/case-of-roasted-butternut-squash-soup,//www.raos.com/cdn/shop/files/RaosButternutSquashSoup_9bba7ab3-c7ae-46bc-9f73-4f8573dbaeef_533x.png?v=1696969783,"Rao's Creamy Butternut Squash Soup is made with a velvety chicken broth, butternut squash & cream base with warming spices. Buy some today!",2024-07-28,Campbell Soup Company,Rao's
Case of Sausage & Potato Soup,$31.87 USD,https://www.raos.com/products/case-of-sausage-potato-soup,//www.raos.com/cdn/shop/files/RaosSausageandPotato_533x.png?v=1690836517,"Bring home the taste of Rao’s Made for Home® Soup! Our sausage & potato soup is packed with potatoes, sweet Italian sausage, cannellini beans, spinach and onions, Parmesan cheese, and a blend of Italian spices.",2024-07-28,Campbell Soup Company,Rao's
Case of Spaghetti Pasta,$48.03 USD,https://www.raos.com/products/case-of-spaghetti-pasta,//www.raos.com/cdn/shop/products/Spaghetti-2_e1cbc22a-4c19-4edf-a8cc-238bfab8dc82_533x.png?v=1689192907,"Our pasta is made with only two ingredients—durum semolina flour and water. We use traditional bronze dies to cut our pasta creating grooves that grab every drop of sauce. Our spaghetti pairs well with traditional, tomato-based sauces, like Marinara.",2024-07-28,Campbell Soup Company,Rao's
Case of Tomato Basil Soup,$31.87 USD,https://www.raos.com/products/case-of-tomato-basil-soup,//www.raos.com/cdn/shop/files/RaosTomatoBasil_533x.png?v=1690836464,"Bring home the taste of Rao’s Made for Home® Soup! Our tomato basil soup uses Italian whole peeled tomatoes simmered with carrots, celery, onion, basil and garlic.",2024-07-28,Campbell Soup Company,Rao's
Case of Tortellini & Vegetable Soup,$31.87 USD,https://www.raos.com/products/case-of-tortellini-vegetable-soup,//www.raos.com/cdn/shop/files/RaosTortelliniandVegetable_533x.png?v=1690836395,"Bring home the taste of Rao’s Soup! Our tortellini & vegetable soup is packed with Italian whole peeled tomatoes, ricotta cheese tortellini, vegetables, and Parmesan cheese, finished with a blend of Italian spices.",2024-07-28,Campbell Soup Company,Rao's
Case of Vegetable Minestrone Soup,$31.87 USD,https://www.raos.com/products/case-of-vegetable-minestrone-soup,//www.raos.com/cdn/shop/files/RaosVegetableMinestrone_533x.png?v=1690833847,"Bring home the taste of Rao’s Made for Home® Soup! Our vegetable minestrone is an Italian tomato broth filled with carrots, celery, onions, ditalini pasta, potatoes, zucchini, peas, green beans, red kidney beans and chickpeas.",2024-07-28,Campbell Soup Company,Rao's
Chicken & Gnocchi Soup,$5.89 USD,https://www.raos.com/products/chicken-gnocchi-soup,//www.raos.com/cdn/shop/files/RaosChickenandGnocchiSoup_45ea9578-7a96-4664-81f2-6a3217168dd0_533x.png?v=1690837996,"Bring home the taste of Rao’s Made for Home® Soup! Our chicken gnocchi soup starts with a creamy chicken broth and is loaded with gnocchi, chicken, carrots, onions, spinach and celery.",2024-07-28,Campbell Soup Company,Rao's
N/A,N/A,N/A,N/A,N/A,2024-07-28,Campbell Soup Company,Rao's
College Care Pack,$40.00 USD,https://www.raos.com/products/college-care-pack,//www.raos.com/cdn/shop/products/6903SOV_College_Pack_Image_L1A_533x.png?v=1689192912,"Make sure your favorite student is well-fed with this back-to-school pasta and sauce variety pack featuring our Marinara, Arrabbiata, and Tomato Basil sauces as well as two packs of Spaghetti and one pack of Penne!  Subscribe today to save so they’re ready for everything from mid-terms to finals!",2024-07-28,Campbell Soup Company,Rao's
Creamy Alfredo Sauce,$8.99 USD,https://www.raos.com/products/alfredo-sauce,//www.raos.com/cdn/shop/products/Raos_Sauce_Alfredo_Sauce_15oz_ProductShot_600x600_36c02277-cd01-464b-8002-27f76cba249d_533x.png?v=1689192806,"Rao’s Homemade Alfredo Pasta Sauce features an all-natural, premium quality blend of rich Parmesan and Romano cheeses, cream, and butter.Following the same authentic Rao’s recipe perfected by generations, each jar of alfredo sauce brings you the warm, classic flavor of homemade pasta sauce. Our white alfredo pasta sauce is slow-cooked in small batches with hand-selected ingredients resulting in a super creamy, cheesy sauce that's loaded with flavor.Some nutritional highlights of Rao's Alfredo Sauce include:",2024-07-28,Campbell Soup Company,Rao's
Elbow Macaroni,$2.99 USD,https://www.raos.com/products/elbow-macaroni,//www.raos.com/cdn/shop/products/elbow-macaroni_533x.png?v=1689192833,"Our pasta is made with only two ingredients—durum semolina flour and water. We use traditional bronze dies to cut our pasta creating grooves that grab every drop of sauce. This small curved pasta is most commonly used to prepare classic casseroles, but can also be used for soups and other pasta-based recipes.",2024-07-28,Campbell Soup Company,Rao's
Farfalle Pasta,$3.59 USD,https://www.raos.com/products/farfalle-pasta,//www.raos.com/cdn/shop/products/Farfalle_533x.png?v=1689192847,Our pasta is made with only two ingredients—durum semolina flour and water.,2024-07-28,Campbell Soup Company,Rao's
Fettuccine Pasta,$3.59 USD,https://www.raos.com/products/fettuccine-pasta,//www.raos.com/cdn/shop/products/Fettuccine_533x.png?v=1689192844,Our pasta is made with only two ingredients—durum semolina flour and water. We use traditional bronze dies to cut our pasta creating grooves that grab every drop of sauce.,2024-07-28,Campbell Soup Company,Rao's
Fire Roasted Vegetable Frozen Pizza,$0.00 USD,https://www.raos.com/products/fire-roasted-vegetable-pizza,//www.raos.com/cdn/shop/products/FireRoastedVegetablePizza_533x.webp?v=1671654177,N/A,2024-07-28,Campbell Soup Company,Rao's
Five Cheese Frozen Pizza,$0.00 USD,https://www.raos.com/products/five-cheese-pizza,//www.raos.com/cdn/shop/products/FiveCheesePizza_533x.webp?v=1671655343,N/A,2024-07-28,Campbell Soup Company,Rao's
Four Cheese Pasta Bake,$14.99 USD,https://www.raos.com/products/four-cheese-pasta-bake,//www.raos.com/cdn/shop/products/Four-Cheese-Pasta-Bake_533x.png?v=1689192853,"Cavatappi pasta tossed in a creamy parmesan cheese sauce, topped with mozzarella, fontina, and romano cheeses.",2024-07-28,Campbell Soup Company,Rao's
Four Cheese Sauce - 24oz Case,$8.99 USD,https://www.raos.com/products/four-cheese-sauce-24oz-case,//www.raos.com/cdn/shop/products/Raos_Sauce_Four_Cheese_24oz_ProductShot_600x600_a874024c-e137-43a2-80c2-c9d879482467_533x.png?v=1689192856,"Bring home the famous taste of Rao’s Homemade® Four Cheese Sauce. This sauce is a rich blend of Italian tomatoes and four classic, Italian cheeses without onions or garlic.",2024-07-28,Campbell Soup Company,Rao's
Frozen Chicken Alfredo,$14.99 USD,https://www.raos.com/products/chicken-alfredo,//www.raos.com/cdn/shop/products/Chicken-Alfredo-Small_533x.png?v=1689192844,Tender white meat chicken in a creamy alfredo sauce over pasta. Made with chargrilled chicken strips.,2024-07-28,Campbell Soup Company,Rao's
Frozen Chicken Parmesan,From $6.99 USD,https://www.raos.com/products/chicken-parmesan,//www.raos.com/cdn/shop/products/Chicken-Parn-Large_533x.png?v=1689192783,Crispy breaded chicken with marinara sauce and delicious mozzarella over pasta. Available in 8.5 oz and 25 oz sizes.,2024-07-28,Campbell Soup Company,Rao's
Frozen Meat Lasagna,From $6.99 USD,https://www.raos.com/products/meat-lasagna,//www.raos.com/cdn/shop/products/Meat-Lasagna-Large_533x.png?v=1689192844,"Pasta layered with fresh ricotta cheese, mozzarella, beef, sausage, and marinara sauce. Available in 9 oz and 27 oz sizes.",2024-07-28,Campbell Soup Company,Rao's
N/A,N/A,N/A,N/A,N/A,2024-07-28,Campbell Soup Company,Rao's
Frozen Meatballs & Sauce,$14.99 USD,https://www.raos.com/products/meatballs-sauce,//www.raos.com/cdn/shop/products/Meatballs-Large_533x.png?v=1689192844,Tender and juicy beef and pork meatballs smothered in marinara sauce.,2024-07-28,Campbell Soup Company,Rao's
Frozen Penne Alla Vodka,$14.99 USD,https://www.raos.com/products/penne-alla-vodka,//www.raos.com/cdn/shop/products/Penne-Vodka-Small_533x.png?v=1689192783,Delicious penne pasta in a rich and creamy tomato vodka sauce.,2024-07-28,Campbell Soup Company,Rao's
Fusilli Pasta,$3.59 USD,https://www.raos.com/products/fusilli,//www.raos.com/cdn/shop/products/fusilli_533x.png?v=1689192839,"Our pasta is made with only two ingredients—durum semolina flour and water. We use traditional bronze dies to cut our pasta creating grooves that grab every drop of sauce. This corkscrew shaped pasta captures and holds onto sauce in each of its turns and curves, and is best served with a thick sauce.",2024-07-28,Campbell Soup Company,Rao's
Holiday Sweater,$50.00 USD,https://www.raos.com/products/holiday-sweater,//www.raos.com/cdn/shop/products/RaosHolidaySweater_533x.png?v=1689192920,N/A,2024-07-28,Campbell Soup Company,Rao's
Homemade Chicken Noodle Soup,$5.89 USD,https://www.raos.com/products/chicken-noodle-soup,//www.raos.com/cdn/shop/files/RaosChickenNoodle_1d0b0c90-d19f-4336-bba2-9ced1c1547b6_533x.png?v=1690837937,"Rao’s Chicken Noodle Soup is a savory and delicious bowl of warmth. Every batch of Rao’s Chicken Noodle Soup is made from fresh ingredients and simmered to perfection. Our ingredients include chicken broth, tender chicken, fusilli pasta, and fresh vegetables including carrots, celery, and onions. Rao’s Chicken Noodle Soup is a new spin on a classic favorite, the perfect soup for a cold winter day, or any time of the year really.Chicken Noodle Soup Heating Instructions:",2024-07-28,Campbell Soup Company,Rao's
Homemade Marinara Pasta Sauce,From $5.99 USD,https://www.raos.com/products/marinara-sauce,//www.raos.com/cdn/shop/products/Raos_Sauce_Marinara_24oz_ProductShot_600x600_f9fffffc-a193-4cc8-9161-9dac5794b0e1_533x.png?v=1689192794,"Bring home the famous taste of Rao’s Homemade Marinara Sauce. Our marinara sauce is available in a 32 oz, 24 oz, and a 15.5 oz jar, making it an ideal portion for a satisfying meal, whether you’re dining alone or sharing it with company. Rao’s Marinara Sauce is a premium, carb-conscious pasta sauce made with only the finest ingredients.Delicious speaks for itself when enjoying this marinara sauce. Each batch of Rao’s Marinara Sauce is slow cooked in small batches with high-quality ingredients. These wholesome ingredients blend sweet Italian tomatoes, olive oil, and onions with fresh basil, fresh garlic, oregano, black pepper, and salt to create a pasta sauce that brings back memories of family dinners around the table.Some of Rao’s Marinara Sauce nutritional highlights include:",2024-07-28,Campbell Soup Company,Rao's
Italian Sausage and Mushroom Sauce - 24oz Case,$8.99 USD,https://www.raos.com/products/italian-sausage-and-mushroom-sauce-24oz-case,//www.raos.com/cdn/shop/products/Raos_Sauce_SausageMushroom_24oz_ProductShot_600x600_30237c39-b997-463d-a940-443c1b349cfa_533x.png?v=1689192856,"Bring home the famous taste of Rao’s Homestyle® Italian Sausage & Mushroom Sauce. This sauce is made with the finest Italian tomatoes imported from southern Italy, simmered with sausage, mushrooms and spices.",2024-07-28,Campbell Soup Company,Rao's
Italian Wedding Soup,$5.89 USD,https://www.raos.com/products/italian-wedding-soup,//www.raos.com/cdn/shop/files/RaosItalianWedding_fe15b981-c3de-406d-97ee-c2f27437d91a_533x.png?v=1690838204,"Bring home the taste of Rao’s Made for Home® Soup! Our Italian wedding soup is a chicken broth with beef and pork meatballs, carrots, acini di pepe pasta, spinach and onions.",2024-07-28,Campbell Soup Company,Rao's
Italian-Style Lentil Soup,$5.89 USD,https://www.raos.com/products/italian-style-lentil-soup,//www.raos.com/cdn/shop/files/RaosLentil_533x.png?v=1690833728,N/A,2024-07-28,Campbell Soup Company,Rao's
Jar Opener - Tomato Shape,$1.49 USD,https://www.raos.com/products/jar-opener-tomato-shape,//www.raos.com/cdn/shop/products/jar-opener-tomato_533x.png?v=1689192828,Open sauce jars with ease!,2024-07-28,Campbell Soup Company,Rao's
Jute Tote Bag,$5.99 USD,https://www.raos.com/products/jute-tote-bag,//www.raos.com/cdn/shop/products/tote-bag_533x.png?v=1689192830,"This jute tote bag is perfect for groceries, a beach bag and much more. Message reads, “I’m sorry for what I said when I was hungry.”",2024-07-28,Campbell Soup Company,Rao's
Limited Reserve Gold Basket,$300.00 USD,https://www.raos.com/products/limited-reserve-gold-basket,//www.raos.com/cdn/shop/products/Signature-Gold_533x.png?v=1689192853,Our Limited Reserve Gold Basket is the perfect gift for the gourmet food lover in your life.,2024-07-28,Campbell Soup Company,Rao's
N/A,N/A,N/A,N/A,N/A,2024-07-28,Campbell Soup Company,Rao's
Limited Reserve Italian Olive Oil,$15.00 USD,https://www.raos.com/products/limited-reserve-italian-olive-oil,//www.raos.com/cdn/shop/files/LimitedReserveItalianOliveOil_533x.webp?v=1711724002,"A full-bodied Italian olive oil made from premium Italian olives. Robust and with fruity notes, our extra virgin olive oil is perfect for finishing your favorite Italian dishes. Store in a cool, dark place.",2024-07-28,Campbell Soup Company,Rao's
Limited Reserve Toscano Olive Oil,$35.00 USD,https://www.raos.com/products/limited-reserve-toscano-olive-oil,//www.raos.com/cdn/shop/files/LimitedReserveToscanoOliveOil_533x.webp?v=1711723909,"A fruity and savory oil with a strong and slightly spicy aroma made in the Tuscany region of Italy, famous for its rich soil upon which olive oil has been made for centuries.",2024-07-28,Campbell Soup Company,Rao's
Linguine Pasta,$3.59 USD,https://www.raos.com/products/linguine,//www.raos.com/cdn/shop/products/linguine-3_533x.png?v=1689192839,Our pasta is made with only two ingredients—durum semolina flour and water. We use traditional bronze dies to cut our pasta creating grooves that grab every drop of sauce. Our linguine is perfectly paired with pesto or seafood-based sauces.,2024-07-28,Campbell Soup Company,Rao's
Marinara Sauce - 24oz Case,$8.99 USD,https://www.raos.com/products/marinara-sauce-24oz-case,//www.raos.com/cdn/shop/products/Raos_Sauce_Marinara_24oz_ProductShot_600x600_c2435b2c-f231-4098-8590-0e51d113ae58_533x.png?v=1689192874,Bring home the famous taste of Rao’s Homemade® Marinara Sauce. We slow cook sweet Italian plum tomatoes with fresh ingredients to create this classic sauce.,2024-07-28,Campbell Soup Company,Rao's
Marinara Sauce - 32oz Case,$9.99 USD,https://www.raos.com/products/marinara-sauce-32oz-case,//www.raos.com/cdn/shop/products/Raos_Sauce_Marinara_24oz_ProductShot_600x600_3d7d7f84-eada-41a4-af9c-ee61cea59ad5_533x.png?v=1689192877,Bring home the famous taste of Rao’s Homemade® Marinara Sauce. We slow cook sweet Italian plum tomatoes with fresh ingredients to create this classic sauce.,2024-07-28,Campbell Soup Company,Rao's
Meat Trio Frozen Pizza,$0.00 USD,https://www.raos.com/products/meat-trio-pizza,//www.raos.com/cdn/shop/products/MeatTrioPizza_533x.webp?v=1671654108,N/A,2024-07-28,Campbell Soup Company,Rao's
Mediterranean Spiced Olives - Exclusive,$13.00 USD,https://www.raos.com/products/mediterranean-spiced-olives-exclusive,//www.raos.com/cdn/shop/products/Olives_1bb35ab4-aeb7-47f3-92dd-66daa6feeb8b_533x.png?v=1651166168,An assortment of delicious green and black olives with a little bit of heat.,2024-07-28,Campbell Soup Company,Rao's
Mushroom & Bell Pepper Red Sauce,$8.99 USD,https://www.raos.com/products/mushroom-bell-pepper-sauce,//www.raos.com/cdn/shop/products/Raos_Sauce_MushroomBellPepper_24oz_ProductShot_600x600_8eec1df5-4e9b-44fc-a1fd-6d5b2f493ebe_533x.png?v=1689192794,N/A,2024-07-28,Campbell Soup Company,Rao's
Mushroom & Bell Pepper Sauce - 24oz Case,$8.99 USD,https://www.raos.com/products/mushroom-bell-pepper-sauce-24oz-case,//www.raos.com/cdn/shop/products/Raos_Sauce_MushroomBellPepper_24oz_ProductShot_600x600_f49b8ad8-c4cb-4593-a471-1847b98d00e7_533x.png?v=1689192874,"Bring home the famous taste of Rao’s Homemade® Mushroom and Bell Pepper Sauce. This versatile sauce is created by slowly simmering Italian tomatoes and a hearty combination of mushrooms, peppers and onions.",2024-07-28,Campbell Soup Company,Rao's
Mushroom Risotto,$6.99 USD,https://www.raos.com/products/mushroom-risotto-meal,//www.raos.com/cdn/shop/products/Raos_SS_productshot_frozen_front_horizontal_9oz_MushroomRisotto_Feb22_7-47479-30018-6_533x.png?v=1651166173,Tender arborio rice in a creamy Parmesan cheese sauce with mushrooms,2024-07-28,Campbell Soup Company,Rao's
Oven Mitt,$4.99 USD,https://www.raos.com/products/oven-mitt,//www.raos.com/cdn/shop/products/oven-mitt_533x.png?v=1689192784,"This cotton, striped mitt adds a fun design to your kitchen decor. Constructed with a loop for hanging. Quilted back. Laundering not recommended.",2024-07-28,Campbell Soup Company,Rao's
"Oven Mitt, Bamboo Spatula & Bamboo Spoon Combo",$10.99 USD,https://www.raos.com/products/oven-mitt-bamboo-spatula-bamboo-spoon-combo,//www.raos.com/cdn/shop/products/oven-mitt-bamboo-spatula_533x.png?v=1689192830,"Perfect as a gift or for yourself! This product comes with an oven mitt, a bamboo spatula and bamboo spoon, packaged nicely in an organza bag.",2024-07-28,Campbell Soup Company,Rao's
N/A,N/A,N/A,N/A,N/A,2024-07-28,Campbell Soup Company,Rao's
Pasta & Fagioli Soup,$5.89 USD,https://www.raos.com/products/pasta-fagioli-soup,//www.raos.com/cdn/shop/files/RaosPastaandFagoli_8c9489c2-4ce3-46ba-b3f8-e1d1a90a776a_533x.png?v=1690838246,"Bring home the taste of Rao’s Made for Home® Soup! Our pasta & fagioli soup is Italian tomato broth with navy beans, dark red kidney beans, ditalini pasta, carrots, celery and parmesan cheese.",2024-07-28,Campbell Soup Company,Rao's
Pasta and Sauce Sampler,$80.00 USD,https://www.raos.com/products/pasta-and-sauce-sampler,//www.raos.com/cdn/shop/products/Pasta-and-Sauce-Sampler_533x.png?v=1689192799,"Pasta and Sauce Sampler includes:Sauces: 24 oz. Marinara, 24 oz. Arrabbiata, 24 oz. Tomato Basil, 24 oz. Vodka Sauce, 24 oz. Roasted Garlic, 24 oz. BolognesePastas: Fusilli, Linguine, Penne, Spaghetti, Farfalle, RigatoniMiscellaneous: Jar Opener",2024-07-28,Campbell Soup Company,Rao's
Pasta Gift Set,$50.00 USD,https://www.raos.com/products/pasta-gift-set,//www.raos.com/cdn/shop/products/Pasta-Gift-Set-3_533x.png?v=1689192811,"The Pasta Gift Set includes:24 oz. Marinara Sauce, 16 oz. Spaghetti, Apron, Strainer, Jar Opener, Oven Mitt, Bamboo Spoon and Pasta Ladle",2024-07-28,Campbell Soup Company,Rao's
Pasta Ladle,$2.49 USD,https://www.raos.com/products/pasta-ladle,//www.raos.com/cdn/shop/products/pasta-ladle_533x.png?v=1689192783,This plastic pasta ladle is dishwasher safe and heat resistant up to 392 degrees.,2024-07-28,Campbell Soup Company,Rao's
Penne Arrabbiata with Spicy Italian Sausage,$6.99 USD,https://www.raos.com/products/penne-arrabbiata-with-spicy-sausage,//www.raos.com/cdn/shop/products/Raos_SS_productshot_frozen_horizontal_9.5oz_PenneArrabbiata_Feb22_7-47479-30019-3_533x.png?v=1651166203,N/A,2024-07-28,Campbell Soup Company,Rao's
Penne Rigate Pasta,$3.59 USD,https://www.raos.com/products/penne-rigate,//www.raos.com/cdn/shop/products/penne-rigate_533x.png?v=1689192839,Our pasta is made with only two ingredients—durum semolina flour and water. We use traditional bronze dies to cut our pasta creating grooves that grab every drop of sauce. This cylindrical shaped pasta soaks up thick sauces—inside and out— so every bite is full of flavor.,2024-07-28,Campbell Soup Company,Rao's
Pepperoni Frozen Pizza,$0.00 USD,https://www.raos.com/products/pepperoni-pizza,//www.raos.com/cdn/shop/products/UncuredPepperoniPizza_533x.webp?v=1671655368,"Each Rao’s Made for Home Brick Oven Crust Frozen Pizza is crafted with the utmost care. It starts with our Rao's Homemade pizza sauce made with naturally sweet, vine-ripened Italian tomatoes and fresh basil layered over a delicious crisp crust baked in a wood-fired brick oven. Then top it off with our decadent blend of cheeses and freshly sliced uncured pepperoni for a taste your whole family will enjoy.",2024-07-28,Campbell Soup Company,Rao's
Pizza Gift Set,$75.00 USD,https://www.raos.com/products/pizza-gift-set,//www.raos.com/cdn/shop/products/Pizza-Gift-Set-1_533x.png?v=1689192811,"The Pizza Gift Set includes:12.3 oz. Pizza Sauce, 12.3 oz. Margherita Pizza Sauce, Pizza Stone, Apron, Oven Mitt, Jar Opener",2024-07-28,Campbell Soup Company,Rao's
Pizza Stone,$24.99 USD,https://www.raos.com/products/pizza-stone,//www.raos.com/cdn/shop/products/RaosHomemadePizzaStone12inch_533x.webp?v=1681918359,This 12-inch cooking stone helps spread heat evenly for consistent baking to make the perfect pizza. Product includes a metal stand for easy transportation.,2024-07-28,Campbell Soup Company,Rao's
Rao's Deluxe Collection,$125.00 USD,https://www.raos.com/products/raos-deluxe-collection,//www.raos.com/cdn/shop/products/Deluxe-Collection_533x.png?v=1689192833,The Deluxe Collection Includes:,2024-07-28,Campbell Soup Company,Rao's
Rao's Four Cheese Ravioli Frozen Meal,$6.99 USD,https://www.raos.com/products/four-cheese-ravioli-with-marinara-sauce,//www.raos.com/cdn/shop/products/Raos_SS_productshot_frozen_front_horizontal__9.5oz_FourCheeseRavioli_feb22_7-47479-30017-9_533x.png?v=1651166121,"Rao's Frozen Four Cheese Ravioli Frozen is a rich meal of ravioli filled with a blend of cheeses, & tossed in our authentic Marinara Sauce. Try some now!",2024-07-28,Campbell Soup Company,Rao's
Rao's Grand Collection,$150.00 USD,https://www.raos.com/products/raos-grand-collection,//www.raos.com/cdn/shop/products/Grand-Collection_533x.png?v=1689192833,The Grand Collection Includes:,2024-07-28,Campbell Soup Company,Rao's
N/A,N/A,N/A,N/A,N/A,2024-07-28,Campbell Soup Company,Rao's
Rao's Homemade Alfredo Arrabbiata Sauce,$8.99 USD,https://www.raos.com/products/alfredo-arrabbiata,//www.raos.com/cdn/shop/files/Rao_sHomemadeAlfredoArrabbiata_533x.webp?v=1711655417,"Rao’s Homemade Alfredo Arrabbiata pasta sauce is made with high quality ingredients creating a super creamy, cheesy, decadent sauce loaded with flavor and a kick of heat. Use this sauce for a spicy spin on fettucine alfredo. Each jar of pasta sauce brings you the warm, classic taste of homemade pasta sauce with a premium flavor.",2024-07-28,Campbell Soup Company,Rao's
Rao's Homemade Bacon Alfredo Sauce,$8.99 USD,https://www.raos.com/products/bacon-alfredo,//www.raos.com/cdn/shop/files/Rao_sHomemadeBaconAlfredo_533x.webp?v=1711655518,"Rao’s Homemade Bacon Alfredo pasta sauce is made with high quality ingredients resulting in a super creamy, smoky sauce loaded with flavor that works great for a spin on your fettucine alfredo. Each jar of pasta sauce brings you the warm, classic taste of homemade pasta sauce with a premium flavor.",2024-07-28,Campbell Soup Company,Rao's
Rao's Homemade Basil Pesto,$4.99 USD,https://www.raos.com/products/basil-pesto,//www.raos.com/cdn/shop/products/Raos_Sauce_Basil-Pesto_6.7oz_600x600_25aeb9c6-6d31-4510-8b84-e25735ce9da9_533x.png?v=1689192808,"Bring home the famous taste of Rao’s Homemade® Basil Pesto. Our classic, basil pesto is a flavorful combination of basil, cheese, oil and nuts.",2024-07-28,Campbell Soup Company,Rao's
Rao's Homemade Bolognese Sauce,$8.99 USD,https://www.raos.com/products/bolognese-sauce,//www.raos.com/cdn/shop/products/Raos_Sauce_Bolognese_24oz_ProductShot_600x600_c5df23cc-3826-48aa-b36b-512b714a10d1_533x.png?v=1689192811,"Bring home the famous taste of Rao’s Homestyle® Bolognese. Our Bolognese sauce is a mouth-watering combination of naturally sweet, Italian tomatoes, beef, pork, pancetta and vegetables.",2024-07-28,Campbell Soup Company,Rao's
Rao's Homemade Caramelized Onion Sauce,$8.99 USD,https://www.raos.com/products/caramelized-onion,//www.raos.com/cdn/shop/files/RaosHomemadeCaramelizedOnionSauce_468d93d1-9757-437f-a4ea-bc24075ce034_533x.webp?v=1715870206,N/A,2024-07-28,Campbell Soup Company,Rao's
Rao's Homemade Fire Grilled Vegetable Sauce,$8.99 USD,https://www.raos.com/products/fire-grilled-vegetable,//www.raos.com/cdn/shop/files/Rao_sHomemadeFireGrilledVegetable_533x.webp?v=1711655151,"Rao’s Homemade Fire Grilled Vegetable sauce uses red, yellow, and green peppers and red onion simmered with Italian tomatoes to create this hearty sauce with a subtle, roasted flavor. This pasta sauce is slow simmered in open kettles to achieve the most authentic Italian flavor.",2024-07-28,Campbell Soup Company,Rao's
Rao's Homemade Four Cheese Alfredo Sauce,$8.99 USD,https://www.raos.com/products/four-cheese-alfredo,//www.raos.com/cdn/shop/files/Rao_sHomemadeFourCheeseAlfredo_533x.webp?v=1711655314,"Rao’s Homemade Four Cheese Alfredo pasta sauce is made with high quality ingredients resulting in a super creamy, cheesy, decadent sauce loaded with flavor that works great in your fettucine alfredo. Each jar of pasta sauce brings you the warm, classic taste of homemade pasta sauce with a premium flavor.",2024-07-28,Campbell Soup Company,Rao's
Rao's Homemade Four Cheese Sauce,$8.99 USD,https://www.raos.com/products/four-cheese-sauce,//www.raos.com/cdn/shop/products/Raos_Sauce_Four_Cheese_24oz_ProductShot_600x600_fc05bbc2-e1ff-455c-b27b-d32d38619e45_533x.png?v=1689192789,N/A,2024-07-28,Campbell Soup Company,Rao's
Rao's Homemade Italian Sausage and Mushroom Sauce,$8.99 USD,https://www.raos.com/products/italian-sausage-and-mushroom-sauce,//www.raos.com/cdn/shop/products/Raos_Sauce_SausageMushroom_24oz_ProductShot_600x600_9a122a13-6a1f-48f7-8a9e-5a7f3f1bcc7c_533x.png?v=1689192802,"Bring home the famous taste of Rao’s Homestyle® Italian Sausage & Mushroom Sauce. This sauce is made with the finest Italian tomatoes imported from southern Italy, simmered with sausage, mushrooms and spices.",2024-07-28,Campbell Soup Company,Rao's
Rao's Homemade Margherita Pizza Sauce,$4.99 USD,https://www.raos.com/products/margherita-pizza-sauce,//www.raos.com/cdn/shop/files/RaosMargheritaPizza_533x.png?v=1690839141,Bring home the famous taste of Rao’s Homemade® Margherita Pizza Sauce. We slow-simmered Italian tomatoes with fresh herbs to create this authentic sauce.,2024-07-28,Campbell Soup Company,Rao's
Rao's Homemade Pizza Arrabbiata Sauce,$5.59 USD,https://www.raos.com/products/pizza-arrabbiata,//www.raos.com/cdn/shop/files/RaosPizzaArrabbiataSauce_533x.png?v=1690839208,N/A,2024-07-28,Campbell Soup Company,Rao's
Rao's Homemade Pizza Sauce,$4.99 USD,https://www.raos.com/products/pizza-sauce,//www.raos.com/cdn/shop/files/RaosPizzaSauce_533x.png?v=1690839071,"Bring home the famous taste of Rao’s Homemade® Pizza Sauce. Our classic pizza sauce is a delicious combination of Italian whole peeled tomatoes, cherry tomatoes and natural herbs, slow-simmered to perfection.",2024-07-28,Campbell Soup Company,Rao's
N/A,N/A,N/A,N/A,N/A,2024-07-28,Campbell Soup Company,Rao's
Rao's Homemade Roasted Garlic Alfredo Sauce,$8.99 USD,https://www.raos.com/products/roasted-garlic-alfredo-sauce,//www.raos.com/cdn/shop/products/Roasted-Garlic-Alfredo_49e7267b-0f1e-4afa-8493-f4fc71f91880_533x.png?v=1689192805,Our twist on Alfredo sauce uses roasted garlic to add a burst of flavor.,2024-07-28,Campbell Soup Company,Rao's
Rao's Homemade Roasted Garlic Pizza Sauce,$5.59 USD,https://www.raos.com/products/raos-homemade-roasted-garlic-pizza-sauce,//www.raos.com/cdn/shop/files/Rao_sHomemadeRoastedGarlicPizza_533x.webp?v=1711392748,"Bring home the famous taste of Rao’s Homemade Roasted Garlic Pizza Sauce. Rao’s Homemade Roasted Garlic Pizza Sauce is a premium, carb conscious pizza sauce made with only the finest ingredients. Each batch of Rao’s Homemade Pizza Sauce is slow-cooked in small batches with high quality ingredients. These wholesome ingredients blend sweet Italian tomatoes, olive oil, and onions with fresh basil, fresh garlic, oregano, black pepper and salt creating a pizza sauce that brings back memories of family dinners around the table.",2024-07-28,Campbell Soup Company,Rao's
Rao's Homemade Roasted Garlic Sauce,From $8.99 USD,https://www.raos.com/products/roasted-garlic-sauce,//www.raos.com/cdn/shop/products/Raos_Sauce_RoastedGarlic_24oz_ProductShot_600x600_5181d18c-3348-430b-b570-96411f1307f6_533x.png?v=1689192794,"Bring home the famous taste of Rao’s Homemade® Roasted Garlic Sauce. Slow roasted, caramelized garlic is combined with naturally sweet Italian tomatoes to create an aromatic sauce.",2024-07-28,Campbell Soup Company,Rao's
Rao's Homemade Roasted Red Pepper Sauce,$8.99 USD,https://www.raos.com/products/raos-homemade-roasted-red-pepper,//www.raos.com/cdn/shop/files/Rao_sHomemadeRoastedRedPepper_533x.webp?v=1711392597,"Rao’s Homemade Roasted Red Pepper sauce is made with red peppers that are roasted to bring out a sweet, complex flavor and combined with Italian tomatoes to create this unique sauce. This pasta sauce is slow simmered in open kettles to achieve the most authentic Italian flavor.",2024-07-28,Campbell Soup Company,Rao's
Rao's Homemade Spicy Vodka Arrabbiata Sauce,$8.99 USD,https://www.raos.com/products/vodka-arrabbiata,//www.raos.com/cdn/shop/files/RaosHomemadeVodkaArrabbiataSauce_0ffd4b0e-ebd4-4048-9d19-37b57d2abaff_533x.webp?v=1715870274,"Rao's Vodka Arrabbiata Sauce is a blend of tomatoes, olive oil, parmesan cheese, cheese, onions, and red pepper, making for a spicy kick. Buy some today!",2024-07-28,Campbell Soup Company,Rao's
Rao's Homemade Sun Dried Tomato Pesto,$4.99 USD,https://www.raos.com/products/sun-dried-tomato-pesto,//www.raos.com/cdn/shop/products/Raos_Sauce_Sundried-Tomato-Pesto_6.7oz_600x600_cddb4da6-c0b1-4e94-aeb0-1a94eedc5f5b_533x.png?v=1689192809,"Bring home the famous taste of Rao’s Homemade® Sundried Tomato Pesto. This pesto uses sundried tomatoes, tomato pulp, oil, cheese and nuts for a refreshing take on the classic.",2024-07-28,Campbell Soup Company,Rao's
Rao's Homemade Tomato Basil Sauce,From $8.99 USD,https://www.raos.com/products/tomato-basil-sauce,//www.raos.com/cdn/shop/products/Raos_Sauce_TomatoBasil_24oz_ProductShot_600x600_efa8a0aa-1496-41f8-98b3-72c16da98ce6_533x.png?v=1689192786,Bring home the famous taste of Rao’s Homemade® Tomato Basil Sauce. This versatile sauce combines our slow-simmered Italian tomatoes with the aromatic flavor of basil.,2024-07-28,Campbell Soup Company,Rao's
Rao's Homemade Vodka Sauce,From $8.99 USD,https://www.raos.com/products/vodka-sauce,//www.raos.com/cdn/shop/products/Raos_Sauce_Vodka_24oz_ProductShot_600x600_dd03019a-abd4-4ebb-a358-02bcdb3db293_533x.png?v=1689192789,"Bring home the famous taste of Rao’s Homemade® Vodka Sauce. This rich blend of Italian tomatoes, Parmigiano Reggiano and Pecorino Romano cheeses with a splash of vodka is a bright, creamy sauce that accents any dish.",2024-07-28,Campbell Soup Company,Rao's
Rao's Small Sampler,$50.00 USD,https://www.raos.com/products/raos-small-sampler,//www.raos.com/cdn/shop/products/Raos-Small-Sampler-1_533x.png?v=1689192789,"Rao's Small Sampler includes:Sauces: 24 oz. Marinara, 24 oz. Arrabbiata, 24 oz. Tomato BasilPasta: Spaghetti, PenneMiscellaneous: Jar Opener",2024-07-28,Campbell Soup Company,Rao's
Rao's Spicy Arrabbiata Sauce,From $8.99 USD,https://www.raos.com/products/arrabbiata-sauce,//www.raos.com/cdn/shop/products/Raos_Sauce_Arrabbiata_24oz_ProductShot_600x600_bccf06a5-f325-4ab4-b747-168754f53000_533x.png?v=1689192811,"Rao’s Homemade Arrabbiata or “angry” Sauce is a spicy pasta sauce made from tomatoes, garlic, olive oil, and crushed red peppers. Arrabbiata refers to the flavor profile of this pasta sauce made with the perfect amount of crushed red pepper to add a subtle yet spicy kick to any meal. This pasta sauce is prepared in small batches and slow simmered to achieve the most authentic Italian flavor.Some nutritional highlights of Rao’s Arrabbiata Sauce include:",2024-07-28,Campbell Soup Company,Rao's
Rao's Superior Collection,$200.00 USD,https://www.raos.com/products/raos-superior-collection,//www.raos.com/cdn/shop/products/Superior-Collection_533x.png?v=1689192833,The Superior Collection Includes:,2024-07-28,Campbell Soup Company,Rao's
Rao's Ultimate Collection,$250.00 USD,https://www.raos.com/products/raos-ultimate-collection,//www.raos.com/cdn/shop/products/Ultimate-Collection_533x.png?v=1689192833,The Ultimate Collection Includes:,2024-07-28,Campbell Soup Company,Rao's
N/A,N/A,N/A,N/A,N/A,2024-07-28,Campbell Soup Company,Rao's
Rao’s Homemade Red Velour Loungewear,$150.00 USD,https://www.raos.com/products/rao-s-homemade-red-velour-loungewear,//www.raos.com/cdn/shop/files/Rao_sHomemade-RedVelourLoungewear-1_533x.webp?v=1701286575,Rao’s Homemade is cooking up more than our iconic Marinara Sauce this Holiday season. The exclusive Italian tomato-red Rao’s Homemade premium velour loungewear is perfect for a cozy night in cooking up a delicious meal.,2024-07-28,Campbell Soup Company,Rao's
Rao’s Limited Reserve Melanzane e Ricotta Marinara,$16.99 USD,https://www.raos.com/products/melanzane-e-ricotta-marinara,//www.raos.com/cdn/shop/files/LRMelanzaneeRicotta_533x.webp?v=1721756322,Rao’s Homemade has crafted a Marinara inspired by the Italian island of Sicily. Combining creamy Ricotta and savory eggplant to create a unique sauce that will elevate any meal.,2024-07-28,Campbell Soup Company,Rao's
Rao’s Limited Reserve Parmigiano e Porcini Marinara,$16.99 USD,https://www.raos.com/products/parmigiano-e-porcini-marinara,//www.raos.com/cdn/shop/files/LRParmigianoePorcini_533x.webp?v=1721756465,Rao’s Homemade has crafted a Marinara inspired by the flavors of the Parma region in Italy. Pairing aged Parmigiano Reggiano and porcini mushrooms to create a savory sauce that will elevate any meal.,2024-07-28,Campbell Soup Company,Rao's
Red Wine Marinara,$16.99 USD,https://www.raos.com/products/rao-s-homemade-limited-reserve-red-wine-marinara,//www.raos.com/cdn/shop/products/RedWineMarinara_533x.webp?v=1669997398,N/A,2024-07-28,Campbell Soup Company,Rao's
Rigatoni Bolognese,$14.99 USD,https://www.raos.com/products/rigatoni-bolognese,//www.raos.com/cdn/shop/products/Rigitoni-Bolognese_533x.png?v=1689192853,"Rigatoni pasta with a classic bolognese sauce made with Italian tomatoes, beef & pork",2024-07-28,Campbell Soup Company,Rao's
Rigatoni Pasta,$3.59 USD,https://www.raos.com/products/rigatoni-pasta,//www.raos.com/cdn/shop/products/Rigatoni_533x.png?v=1689192783,Our pasta is made with only two ingredients—durum semolina flour and water. We use traditional bronze dies to cut our pasta creating grooves that grab every drop of sauce.,2024-07-28,Campbell Soup Company,Rao's
Roasted Butternut Squash Soup,$5.89 USD,https://www.raos.com/products/butternut-squash-soup,//www.raos.com/cdn/shop/files/RaosButternutSquashSoup_533x.png?v=1690833646,N/A,2024-07-28,Campbell Soup Company,Rao's
Roasted Garlic Sauce - 24oz Case,$8.99 USD,https://www.raos.com/products/roasted-garlic-sauce-24oz-case,//www.raos.com/cdn/shop/products/Raos_Sauce_RoastedGarlic_24oz_ProductShot_600x600_82fb07b5-7668-4716-95d1-0bdac863ced3_533x.png?v=1689192874,"Bring home the famous taste of Rao’s Homemade® Roasted Garlic Sauce. Slow roasted, caramelized garlic is combined with naturally sweet Italian tomatoes to create an aromatic sauce.",2024-07-28,Campbell Soup Company,Rao's
Roasted Garlic Sauce - 32oz Case,$9.99 USD,https://www.raos.com/products/roasted-garlic-sauce-32oz-case,//www.raos.com/cdn/shop/products/Raos_Sauce_RoastedGarlic_24oz_ProductShot_600x600_8806c0dd-8a65-48f3-8592-6a6f15256b69_533x.png?v=1689192880,"Bring home the famous taste of Rao’s Homemade® Roasted Garlic Sauce. Slow roasted, caramelized garlic is combined with naturally sweet Italian tomatoes to create an aromatic sauce.",2024-07-28,Campbell Soup Company,Rao's
Roma Tomato Gourmet Ketchup,$5.49 USD,https://www.raos.com/products/roma-tomato-ketchup,//www.raos.com/cdn/shop/files/RomaTomatoKetchup_533x.webp?v=1701287339,Rao's gourmet ketchup starts with puréed Roma tomatoes before adding a special blend of spices and seasonings for our unique take on a classic ketchup.,2024-07-28,Campbell Soup Company,Rao's
Sausage & Potato Soup,$5.89 USD,https://www.raos.com/products/sausage-potato-soup,//www.raos.com/cdn/shop/files/RaosSausageandPotato_6d8e4eb9-8e01-412b-857c-d06e8968b62c_533x.png?v=1690838286,N/A,2024-07-28,Campbell Soup Company,Rao's
Sensitive Marinara Sauce,$8.99 USD,https://www.raos.com/products/sensitive-marinara-sauce,//www.raos.com/cdn/shop/products/Raos_Sauce_Sensitive-Marinara_24oz_ProductShot_600x600_870e9ff2-03de-4893-b725-51ef8234f6f8_533x.png?v=1689192794,"Craving some pasta with marinara sauce, but have a sensitive stomach? Rao's Sensitive Marinara Sauce is perfect for anyone with dietary issues and food sensitivities. It’s made from our classic recipe, but without onions and garlic. Our tomatoes are slowly simmered, elevating their natural, sweet flavor.",2024-07-28,Campbell Soup Company,Rao's
N/A,N/A,N/A,N/A,N/A,2024-07-28,Campbell Soup Company,Rao's
Sensitive Marinara Sauce - 24oz Case,$8.99 USD,https://www.raos.com/products/sensitive-marinara-sauce-24oz-case,//www.raos.com/cdn/shop/products/Raos_Sauce_Sensitive-Marinara_24oz_ProductShot_600x600_a15e8176-bc46-476f-a0f4-a6e682a50433_533x.png?v=1689192874,"Bring home the famous taste of Rao’s Homemade® Sensitive Marinara Sauce. This sauce does not contain onions or garlic, while still keeping all the flavor of our slow-simmered Italian tomatoes.",2024-07-28,Campbell Soup Company,Rao's
Spaghetti Pasta,$3.59 USD,https://www.raos.com/products/spaghetti-pasta,//www.raos.com/cdn/shop/products/Spaghetti-2_533x.png?v=1689192839,"Our pasta is made with only two ingredients—durum semolina flour and water. We use traditional bronze dies to cut our pasta creating grooves that grab every drop of sauce. Our spaghetti pairs well with traditional, tomato-based sauces, like Marinara.",2024-07-28,Campbell Soup Company,Rao's
Spicy Calabrian Chili Marinara Sauce,$16.99 USD,https://www.raos.com/products/calabrian-chili-marinara,//www.raos.com/cdn/shop/products/Raos-Calabrian-Chili_533x.png?v=1689192853,Rao's Calabrian Chili Marinara combines Italian cherry tomatoes with the heat of Calabrian chilis for a sweet and spicy pasta sauce. Try some today!,2024-07-28,Campbell Soup Company,Rao's
Spicy Vodka Arrabbiata - 24 oz Case,$8.99 USD,https://www.raos.com/products/spicy-vodka-arrabbiata-24-oz-case,//www.raos.com/cdn/shop/files/RaosHomemadeVodkaArrabbiataSauce_57eb7070-d90b-47a7-b42c-af4beac6dd2e_533x.webp?v=1715870260,"Rao's Vodka Arrabbiata Sauce is a blend of tomatoes, olive oil, parmesan cheese, cheese, onions, and red pepper, making for a spicy kick. Buy some today!",2024-07-28,Campbell Soup Company,Rao's
Stackable Strainer,$4.99 USD,https://www.raos.com/products/stackable-strainer,//www.raos.com/cdn/shop/products/stackable-strainer_533x.png?v=1689192828,"This product is great for straining pasta and rinsing fruits, vegetables and more. Stacks for easy storage. BPA free. Hand wash recommended.",2024-07-28,Campbell Soup Company,Rao's
Taste of Rao's Collection,$100.00 USD,https://www.raos.com/products/taste-of-raos,//www.raos.com/cdn/shop/files/TasteofRaosCollection_533x.webp?v=1686859798,"Taste of Rao's includes:Sauces: 24 oz. Marinara, 24 oz. Arrabbiata, 24 oz. Tomato Basil, 24 oz. Vodka Sauce, 24 oz. Bolognese, 12.3 oz. Pizza Sauce, 6.7 oz. Basil Pesto, 6.7 oz. Sundried Tomato PestoPasta: Fusilli, Linguine, Penne, SpaghettiMiscellaneous: Jar Opener",2024-07-28,Campbell Soup Company,Rao's
The Marinara,"$1,000.00 USD",https://www.raos.com/products/the-marinara,//www.raos.com/cdn/shop/files/TheMarinaraPurse_533x.webp?v=1686330442,N/A,2024-07-28,Campbell Soup Company,Rao's
Thin Spaghetti Pasta,$3.59 USD,https://www.raos.com/products/thin-spaghetti-pasta-1,//www.raos.com/cdn/shop/files/ThinSpaghettiPasta_533x.webp?v=1698937644,N/A,2024-07-28,Campbell Soup Company,Rao's
Tomato Basil Sauce - 24oz Case,$8.99 USD,https://www.raos.com/products/tomato-basil-sauce-24oz-case,//www.raos.com/cdn/shop/products/Raos_Sauce_TomatoBasil_24oz_ProductShot_600x600_0c6018bd-371e-4b87-ae10-eace403d6d88_533x.png?v=1689192874,Bring home the famous taste of Rao’s Homemade® Tomato Basil Sauce. This versatile sauce combines our slow-simmered Italian tomatoes with the aromatic flavor of basil.,2024-07-28,Campbell Soup Company,Rao's
Tomato Basil Sauce - 32oz Case,$9.99 USD,https://www.raos.com/products/tomato-basil-sauce-32oz-case,//www.raos.com/cdn/shop/products/Raos_Sauce_TomatoBasil_24oz_ProductShot_600x600_1c9cbed6-308a-4c64-87b8-a12cffad422d_533x.png?v=1689192877,Bring home the famous taste of Rao’s Homemade® Tomato Basil Sauce. This versatile sauce combines our slow-simmered Italian tomatoes with the aromatic flavor of basil.,2024-07-28,Campbell Soup Company,Rao's
Tomato Basil Soup,$5.89 USD,https://www.raos.com/products/tomato-basil-soup,//www.raos.com/cdn/shop/files/RaosTomatoBasil_80cca7e9-7394-4915-b822-64e2996b3458_533x.png?v=1690838035,"Bring home the taste of Rao’s Made for Home® Soup! Our tomato basil soup uses Italian whole peeled tomatoes simmered with carrots, celery, onion, basil and garlic.",2024-07-28,Campbell Soup Company,Rao's
Tomato Herb Pasta Sauce,$8.99 USD,https://www.raos.com/products/tomato-herb-sauce,//www.raos.com/cdn/shop/products/Raos_Sauce_Tomato-Herb_24oz_ProductShot_600x600_d672424d-c0e0-4366-8973-7723709c6277_533x.png?v=1689192802,N/A,2024-07-28,Campbell Soup Company,Rao's
N/A,N/A,N/A,N/A,N/A,2024-07-28,Campbell Soup Company,Rao's
Tomato Herb Sauce - 24oz Case,$8.99 USD,https://www.raos.com/products/tomato-herb-sauce-24oz-case,//www.raos.com/cdn/shop/products/Raos_Sauce_Tomato-Herb_24oz_ProductShot_600x600_541475ac-226d-41da-bcb9-0eacc67d7fc6_533x.png?v=1689192877,Bring home the famous taste of Rao’s Homemade® Tomato Herb Sauce. This sauce is a slow-simmered combination of Italian whole peeled and cherry tomatoes with natural herbs.,2024-07-28,Campbell Soup Company,Rao's
Tortellini & Vegetable Soup,$5.89 USD,https://www.raos.com/products/tortellini-vegetable-soup,//www.raos.com/cdn/shop/files/RaosTortelliniandVegetable_d1c6d952-6fd8-4444-aa8b-93760ffd2532_533x.png?v=1690837843,"Bring home the taste of Rao’s Soup! Our tortellini & vegetable soup is packed with Italian whole peeled tomatoes, ricotta cheese tortellini, vegetables, and Parmesan cheese, finished with a blend of Italian spices.",2024-07-28,Campbell Soup Company,Rao's
Vegetable Minestrone Soup,$5.89 USD,https://www.raos.com/products/vegetable-minestrone-soup,//www.raos.com/cdn/shop/files/RaosVegetableMinestrone_2e0288e3-33f2-4277-934b-3404c4d97d6a_533x.png?v=1690838152,"Bring home the taste of Rao’s Made for Home® Soup! Our vegetable minestrone is an Italian tomato broth filled with carrots, celery, onions, ditalini pasta, potatoes, zucchini, peas, green beans, red kidney beans and chickpeas.",2024-07-28,Campbell Soup Company,Rao's
Vodka Sauce - 24oz Case,$8.99 USD,https://www.raos.com/products/vodka-sauce-24oz-case,//www.raos.com/cdn/shop/products/Raos_Sauce_Vodka_24oz_ProductShot_600x600_864af956-2a40-4b55-b91e-0949e44dd692_533x.png?v=1689192877,"Bring home the famous taste of Rao’s Homemade® Vodka Sauce. This rich blend of Italian tomatoes, Parmigiano Reggiano and Pecorino Romano cheeses with a splash of vodka is a bright, creamy sauce that accents any dish.",2024-07-28,Campbell Soup Company,Rao's
Vodka Sauce - 32oz Case,$9.99 USD,https://www.raos.com/products/vodka-sauce-32oz-case,//www.raos.com/cdn/shop/products/Raos_Sauce_Vodka_24oz_ProductShot_600x600_35589c08-dda8-4465-ae9d-9cc7a8f5cd03_533x.png?v=1689192880,"Bring home the famous taste of Rao’s Homemade® Vodka Sauce. This rich blend of Italian tomatoes, Parmigiano Reggiano and Pecorino Romano cheeses with a splash of vodka is a bright, creamy sauce that accents any dish.",2024-07-28,Campbell Soup Company,Rao's
White Balsamic Condiment,$12.00 USD,https://www.raos.com/products/white-balsamic-condiment,//www.raos.com/cdn/shop/products/BalsamicoBianco_Product_533x.webp?v=1660245575,"A lighter version of a traditional balsamic, a great way to level up your salad game.",2024-07-28,Campbell Soup Company,Rao's
White Truffle Marinara,$16.99 USD,https://www.raos.com/products/white-truffle-marinara,//www.raos.com/cdn/shop/products/White-Truffle-Marinara_533x.png?v=1689192847,"The new star of the dinner table, this mouthwatering sauce pairs naturally sweet Italian tomatoes with decadent white Italian truffles.",2024-07-28,Campbell Soup Company,Rao's
White Truffle Marinara - Exclusive,$16.99 USD,https://www.raos.com/products/white-truffle-marinara-exclusive,//www.raos.com/cdn/shop/products/White-Truffle-Marinara_edec3dce-cd9b-4f86-a784-8c7f57dc8d7f_533x.png?v=1651166264,"The new star of the dinner table, this mouthwatering sauce pairs naturally sweet Italian tomatoes with decadent white Italian truffles.",2024-07-28,Campbell Soup Company,Rao's
N/A,N/A,N/A,N/A,N/A,2024-07-28,Campbell Soup Company,Rao's
