rank,company,product_page_url,product_count
1,PepsiCo Inc.,,
2,Tyson Foods Inc.,,
3,Nestle,,
4,JBS USA,,
5,Kraft Heinz Co.,,
6,General Mills Inc.,,
7,Anheuser-Busch InBev,,
8,Smithfield Foods Inc.,,
9,Coca-Cola Co.,,
10,Cargill Inc.,,
11,Mars Inc.,,
12,Hormel Foods Corp.,,
13,Conagra Brands Inc.,,
14,Pilgrim’s Pride,,
15,Bimbo Bakeries USA,,
16,Mondelez International,,
17,Saputo Inc.,,
18,Hershey Co.,,
19,National Beef Packing Co.,,
20,Kellogg Co.,,
21,Wayne-Sanderson Farms,,
22,Molson Coors Co.,,
23,Campbell Soup Co.,,
24,J.M. Smucker Co.,,
25,Keurig Dr Pepper,,
26,Lactalis American Group,,
27,Dairy Farmers of America,,
28,Agropur Cooperative,,
29,Danone North America,,
30,Perdue Farms Inc.,,
31,Land O'Lakes Inc.,,
32,Post Holdings Inc.,,
33,Flowers Foods Inc.,,
34,Constellation Brands,,
35,Golden State Foods,,
37,Unilever U.S.,,
38,E&J Gallo Winery,,
39,Prairie Farms Dairy Inc.,,
40,Grupo Lala,,
41,Hearthside Food Solutions LLC,,
43,Colgate-Palmolive Co.,,
44,Ferrara USA,,
45,Grassland Dairy,,
47,Maple Leaf Foods,,
48,TreeHouse Foods Inc.,,
49,Beam Suntory Inc.,,
50,Cal-Maine Foods,,
51,California Dairies Inc.,,
53,Rich Products Corp.,,
54,Premium Brands Holdings Corp.,,
55,Foster Farms LLC,,
57,McCormick & Co. Inc.,,
58,Seaboard Corp.,,
59,Schwan’s Co.,,
60,Trident Seafoods Corp.,,
62,American Foods Group LLC,,
64,Hilmar Cheese Co.,,
65,Lindt & Sprungli,,
66,B&G Foods,,
67,Boston Beer Co.,,
68,OSI Group,,
69,Schreiber Foods Inc.,,
70,Brown-Forman Corp.,,
71,Associated Milk Producers,,
73,Leprino Foods Co.,,
74,Del Monte Pacific Ltd.,,
75,Lancaster Colony Corp.,,
76,Dreyer's Grand Ice Cream,,
77,Triumph Foods,,
78,Seneca Foods Inc.,,
79,McKee Foods Corp.,,
80,Sargento Foods Inc.,,
81,Bonduelle N.A.,,
82,Utz Brands,,
83,Reser's Fine Foods,,
84,J&J Snack Foods,,
85,Hostess Brands Inc.,,
86,Monogram Foods,,
87,Case Foods Inc.,,
88,American Crystal Sugar Co.,,
91,National Beverage Corp.,,
92,Hain Celestial Group,,
93,Foremost Farms USA,,
94,Darigold,,
95,Agri-Mark,,
97,SunOpta Inc.,,
98,Glanbia USA,,
100,Chobani Inc.,,
